Local time,Open,High,Low,Close,Volume
27.04.2003 22:00:00.000 GMT+0100,1.60377,1.60377,1.60377,1.60377,0
04.05.2003 22:00:00.000 GMT+0100,1.60377,1.61860,1.59017,1.60370,674285.8328000002
11.05.2003 22:00:00.000 GMT+0100,1.60532,1.62908,1.60362,1.62247,676172.4712000001
18.05.2003 22:00:00.000 GMT+0100,1.62542,1.64641,1.62477,1.63572,673522.4593999995
25.05.2003 22:00:00.000 GMT+0100,1.63191,1.65455,1.63074,1.63579,675173.8504000001
01.06.2003 22:00:00.000 GMT+0100,1.63000,1.67084,1.62294,1.66156,667475.6671999998
08.06.2003 22:00:00.000 GMT+0100,1.65956,1.67870,1.64117,1.67211,677183.3341999998
15.06.2003 22:00:00.000 GMT+0100,1.67222,1.68989,1.65808,1.66096,674469.3533999999
22.06.2003 22:00:00.000 GMT+0100,1.66200,1.67952,1.64505,1.64838,676161.6041000001
29.06.2003 22:00:00.000 GMT+0100,1.64837,1.67394,1.64537,1.66585,672268.4960000002
06.07.2003 22:00:00.000 GMT+0100,1.66711,1.66746,1.62169,1.62989,672995.8954999999
13.07.2003 22:00:00.000 GMT+0100,1.63013,1.63074,1.58237,1.58915,675037.8452999999
20.07.2003 22:00:00.000 GMT+0100,1.58953,1.62338,1.57715,1.62009,670996.0617000002
27.07.2003 22:00:00.000 GMT+0100,1.61921,1.63084,1.60006,1.60761,667529.4077
03.08.2003 22:00:00.000 GMT+0100,1.61050,1.61876,1.60057,1.60253,674712.8248000002
10.08.2003 22:00:00.000 GMT+0100,1.60378,1.61349,1.59237,1.59660,785300.3212
17.08.2003 22:00:00.000 GMT+0100,1.59630,1.59839,1.57003,1.57473,774876.551
24.08.2003 22:00:00.000 GMT+0100,1.57356,1.58257,1.56169,1.57732,775871.1106000001
31.08.2003 22:00:00.000 GMT+0100,1.57718,1.59079,1.56062,1.58774,773617.2115000001
07.09.2003 22:00:00.000 GMT+0100,1.58830,1.60665,1.57820,1.60218,776765.4442000004
14.09.2003 22:00:00.000 GMT+0100,1.60282,1.63741,1.58491,1.63651,780527.0074000002
21.09.2003 22:00:00.000 GMT+0100,1.64634,1.66276,1.64115,1.65870,796990.1870000002
28.09.2003 22:00:00.000 GMT+0100,1.65740,1.67576,1.64478,1.66327,789569.5757999993
05.10.2003 22:00:00.000 GMT+0100,1.66222,1.67764,1.65583,1.66317,801250.485
12.10.2003 22:00:00.000 GMT+0100,1.66400,1.68135,1.65341,1.67826,759270.3703999999
19.10.2003 22:00:00.000 GMT+0100,1.67840,1.69931,1.66826,1.69447,778575.8198000002
26.10.2003 22:00:00.000 GMT-0000,1.69485,1.70754,1.68744,1.69595,809669.7196
02.11.2003 22:00:00.000 GMT-0000,1.69443,1.69755,1.65663,1.67607,793041.1391
09.11.2003 22:00:00.000 GMT-0000,1.67365,1.69082,1.66300,1.68774,793650.9682000004
16.11.2003 22:00:00.000 GMT-0000,1.68757,1.70772,1.68593,1.70455,812658.8851999998
23.11.2003 22:00:00.000 GMT-0000,1.70463,1.72386,1.69267,1.72148,796573.0858000002
30.11.2003 22:00:00.000 GMT-0000,1.72013,1.73181,1.71651,1.72927,801594.1925999997
07.12.2003 22:00:00.000 GMT-0000,1.72955,1.75075,1.72643,1.74545,797030.3314999999
14.12.2003 22:00:00.000 GMT-0000,1.73586,1.77402,1.73524,1.76484,809288.8037999996
21.12.2003 22:00:00.000 GMT-0000,1.76689,1.77591,1.75968,1.77103,663526.795
28.12.2003 22:00:00.000 GMT-0000,1.77139,1.79467,1.76994,1.79294,630353.0217
04.01.2004 22:00:00.000 GMT-0000,1.79155,1.84938,1.79143,1.84740,814497.1638000001
11.01.2004 22:00:00.000 GMT-0000,1.84698,1.85759,1.79288,1.79792,806868.2502000002
18.01.2004 22:00:00.000 GMT-0000,1.79634,1.85194,1.78198,1.82569,803590.7554999999
25.01.2004 22:00:00.000 GMT-0000,1.82277,1.83805,1.80175,1.82377,851316.6324
01.02.2004 22:00:00.000 GMT-0000,1.82261,1.85143,1.81334,1.84714,812684.1385000001
08.02.2004 22:00:00.000 GMT-0000,1.84311,1.89840,1.84025,1.88500,818633.9211999999
15.02.2004 22:00:00.000 GMT-0000,1.88374,1.91378,1.85606,1.86118,808932.3465999998
22.02.2004 22:00:00.000 GMT-0000,1.86013,1.89425,1.84550,1.86810,821784.3859000001
29.02.2004 22:00:00.000 GMT-0000,1.86728,1.87443,1.81534,1.84579,816108.9587000002
07.03.2004 22:00:00.000 GMT-0000,1.84788,1.85841,1.79043,1.80326,815204.2624000005
14.03.2004 22:00:00.000 GMT-0000,1.79585,1.84005,1.79397,1.83316,803893.5595999999
21.03.2004 22:00:00.000 GMT-0000,1.83286,1.85374,1.79894,1.81576,825226.9568
28.03.2004 23:00:00.000 GMT+0100,1.81270,1.85995,1.80642,1.82857,819111.7492000004
04.04.2004 22:00:00.000 GMT+0100,1.82880,1.84647,1.81048,1.83327,797925.1920000002
11.04.2004 22:00:00.000 GMT+0100,1.83326,1.84230,1.77603,1.79755,833074.3365000002
18.04.2004 22:00:00.000 GMT+0100,1.79782,1.81415,1.76243,1.77087,814763.6814000007
25.04.2004 22:00:00.000 GMT+0100,1.77214,1.79686,1.75803,1.77857,843402.8427000002
02.05.2004 22:00:00.000 GMT+0100,1.77872,1.80290,1.76879,1.78619,830468.0186999998
09.05.2004 22:00:00.000 GMT+0100,1.78538,1.78679,1.74812,1.76080,831353.9620000004
16.05.2004 22:00:00.000 GMT+0100,1.76060,1.79539,1.75688,1.78705,823706.9253000002
23.05.2004 22:00:00.000 GMT+0100,1.78760,1.84193,1.78204,1.83256,841788.6835000002
30.05.2004 22:00:00.000 GMT+0100,1.83276,1.84846,1.82752,1.84032,777453.9895999999
06.06.2004 22:00:00.000 GMT+0100,1.84068,1.84799,1.81610,1.81917,857808.5233000003
13.06.2004 22:00:00.000 GMT+0100,1.81829,1.83989,1.80420,1.83800,830243.1291
20.06.2004 22:00:00.000 GMT+0100,1.83828,1.84097,1.81032,1.82677,837447.3755999997
27.06.2004 22:00:00.000 GMT+0100,1.82621,1.83567,1.80106,1.83038,835223.8000999996
04.07.2004 22:00:00.000 GMT+0100,1.83117,1.86173,1.82675,1.85933,832353.4576000004
11.07.2004 22:00:00.000 GMT+0100,1.85995,1.87504,1.84763,1.87315,825004.0174000002
18.07.2004 22:00:00.000 GMT+0100,1.87250,1.87705,1.82979,1.83146,825126.7150000002
25.07.2004 22:00:00.000 GMT+0100,1.83175,1.84459,1.80835,1.81945,814478.5207
01.08.2004 22:00:00.000 GMT+0100,1.81923,1.84642,1.81494,1.84112,817218.9605
08.08.2004 22:00:00.000 GMT+0100,1.84281,1.84549,1.81337,1.84322,810029.2938999999
15.08.2004 22:00:00.000 GMT+0100,1.84293,1.84618,1.81562,1.81957,829063.6415000004
22.08.2004 22:00:00.000 GMT+0100,1.81851,1.82079,1.78810,1.79018,812013.0826999998
29.08.2004 22:00:00.000 GMT+0100,1.78984,1.80650,1.77359,1.77633,802137.7365
05.09.2004 22:00:00.000 GMT+0100,1.77633,1.80210,1.77062,1.79623,809283.3906999996
12.09.2004 22:00:00.000 GMT+0100,1.79775,1.80337,1.77389,1.79295,801733.7096
19.09.2004 22:00:00.000 GMT+0100,1.79230,1.80815,1.78154,1.80538,790149.3174999997
26.09.2004 22:00:00.000 GMT+0100,1.80544,1.81588,1.79274,1.79835,799920.6082000001
03.10.2004 22:00:00.000 GMT+0100,1.79863,1.79863,1.77433,1.79438,797860.2835000004
10.10.2004 22:00:00.000 GMT+0100,1.79485,1.80616,1.78402,1.80388,798890.8699999999
17.10.2004 22:00:00.000 GMT+0100,1.80417,1.83169,1.79219,1.82780,793812.6118000002
24.10.2004 22:00:00.000 GMT+0100,1.82786,1.84474,1.81961,1.83588,785227.6472999997
31.10.2004 22:00:00.000 GMT-0000,1.83844,1.85588,1.82959,1.85422,783932.1795999999
07.11.2004 22:00:00.000 GMT-0000,1.85463,1.86135,1.83771,1.85602,772508.9918000003
14.11.2004 22:00:00.000 GMT-0000,1.85548,1.86338,1.84372,1.85672,771212.6506
21.11.2004 22:00:00.000 GMT-0000,1.85797,1.90323,1.85195,1.89375,761009.5242
28.11.2004 22:00:00.000 GMT-0000,1.89297,1.94417,1.88477,1.94362,758642.9426000001
05.12.2004 22:00:00.000 GMT-0000,1.94206,1.95050,1.90135,1.91469,755606.9834999997
12.12.2004 22:00:00.000 GMT-0000,1.90808,1.95469,1.90786,1.94154,759705.2982999999
19.12.2004 22:00:00.000 GMT-0000,1.94465,1.95040,1.90983,1.92358,759847.8485
26.12.2004 22:00:00.000 GMT-0000,1.92288,1.94145,1.91188,1.91814,697105.9656
02.01.2005 22:00:00.000 GMT-0000,1.91930,1.91985,1.86432,1.87069,766595.6559000001
09.01.2005 22:00:00.000 GMT-0000,1.87055,1.89344,1.86375,1.87028,756727.1373
16.01.2005 22:00:00.000 GMT-0000,1.86967,1.88235,1.85258,1.87668,696212.0562000001
23.01.2005 22:00:00.000 GMT-0000,1.87832,1.89247,1.86244,1.88784,757499.9328999997
30.01.2005 22:00:00.000 GMT-0000,1.88703,1.89139,1.87259,1.87565,750551.9570000002
06.02.2005 22:00:00.000 GMT-0000,1.87319,1.87495,1.84974,1.86824,748397.5863999998
13.02.2005 22:00:00.000 GMT-0000,1.86878,1.89733,1.86541,1.89396,753210.9029999999
20.02.2005 22:00:00.000 GMT-0000,1.89271,1.91937,1.89056,1.91923,755097.5077999999
27.02.2005 22:00:00.000 GMT-0000,1.91771,1.92692,1.90464,1.92251,749142.4423999997
06.03.2005 22:00:00.000 GMT-0000,1.92302,1.93231,1.91118,1.92583,754795.0604000003
13.03.2005 22:00:00.000 GMT-0000,1.92540,1.92897,1.90982,1.92191,746616.7135000001
20.03.2005 22:00:00.000 GMT-0000,1.92009,1.92131,1.86578,1.87026,776026.7973
27.03.2005 23:00:00.000 GMT+0100,1.87003,1.89656,1.85903,1.88178,836573.3491000003
03.04.2005 22:00:00.000 GMT+0100,1.88127,1.88549,1.86686,1.88499,871892.1920999998
10.04.2005 22:00:00.000 GMT+0100,1.88498,1.89640,1.87535,1.89238,795056.0767
17.04.2005 22:00:00.000 GMT+0100,1.89132,1.92137,1.88813,1.91414,752305.9417999997
24.04.2005 22:00:00.000 GMT+0100,1.91431,1.91720,1.89882,1.90857,761438.9541999998
01.05.2005 22:00:00.000 GMT+0100,1.90771,1.90814,1.88838,1.89033,749471.8218999997
08.05.2005 22:00:00.000 GMT+0100,1.88989,1.89090,1.84805,1.85044,755526.3834999999
15.05.2005 22:00:00.000 GMT+0100,1.84993,1.85060,1.82310,1.82665,754179.0768000003
22.05.2005 22:00:00.000 GMT+0100,1.82678,1.83559,1.81850,1.82386,737773.1287999995
29.05.2005 22:00:00.000 GMT+0100,1.82326,1.82552,1.80753,1.81491,742505.4486000005
05.06.2005 22:00:00.000 GMT+0100,1.81348,1.83982,1.81056,1.81185,723886.9236
12.06.2005 22:00:00.000 GMT+0100,1.81173,1.83090,1.79997,1.83067,739672.0859999999
19.06.2005 22:00:00.000 GMT+0100,1.82951,1.83280,1.81255,1.82433,741897.06
26.06.2005 22:00:00.000 GMT+0100,1.82399,1.83113,1.76671,1.76717,739314.9984999999
03.07.2005 22:00:00.000 GMT+0100,1.76743,1.76743,1.73096,1.73765,742238.7520000002
10.07.2005 22:00:00.000 GMT+0100,1.73775,1.77854,1.73525,1.75154,739699.278
17.07.2005 22:00:00.000 GMT+0100,1.75134,1.76131,1.72798,1.73862,738379.3070000003
24.07.2005 22:00:00.000 GMT+0100,1.73837,1.76080,1.73303,1.75739,735443.7569000004
31.07.2005 22:00:00.000 GMT+0100,1.75713,1.78277,1.75374,1.77895,738183.2141999998
07.08.2005 22:00:00.000 GMT+0100,1.77758,1.81740,1.77282,1.81471,744227.2686
14.08.2005 22:00:00.000 GMT+0100,1.81460,1.81695,1.78897,1.79432,743770.2294000002
21.08.2005 22:00:00.000 GMT+0100,1.79580,1.80943,1.79043,1.80008,747386.3381999998
28.08.2005 22:00:00.000 GMT+0100,1.80061,1.84452,1.78186,1.84169,741480.6337999998
04.09.2005 22:00:00.000 GMT+0100,1.84146,1.84985,1.83188,1.83929,743623.0018999999
11.09.2005 22:00:00.000 GMT+0100,1.83976,1.84239,1.80188,1.80813,741644.1630999999
18.09.2005 22:00:00.000 GMT+0100,1.80703,1.81444,1.77437,1.77506,741925.6658999999
25.09.2005 22:00:00.000 GMT+0100,1.77280,1.77979,1.75650,1.76522,737134.3694999998
02.10.2005 22:00:00.000 GMT+0100,1.76472,1.78097,1.75126,1.76075,737399.4487
09.10.2005 22:00:00.000 GMT+0100,1.75997,1.77041,1.73906,1.76805,732914.0825000005
16.10.2005 22:00:00.000 GMT+0100,1.76828,1.77946,1.74217,1.76807,741589.7906000001
23.10.2005 22:00:00.000 GMT+0100,1.76715,1.79001,1.76315,1.77294,736455.2053000003
30.10.2005 22:00:00.000 GMT-0000,1.77367,1.78217,1.74564,1.74885,735307.5719999997
06.11.2005 22:00:00.000 GMT-0000,1.74779,1.75158,1.73271,1.74145,739663.5303
13.11.2005 22:00:00.000 GMT-0000,1.74170,1.74943,1.70977,1.71725,735010.0988000002
20.11.2005 22:00:00.000 GMT-0000,1.71723,1.72832,1.70665,1.71425,720608.081
27.11.2005 22:00:00.000 GMT-0000,1.71322,1.73738,1.70474,1.73245,722602.0567999999
04.12.2005 22:00:00.000 GMT-0000,1.73150,1.75623,1.72707,1.75445,726504.2669000003
11.12.2005 22:00:00.000 GMT-0000,1.75009,1.78061,1.74884,1.77275,728293.6732999998
18.12.2005 22:00:00.000 GMT-0000,1.76872,1.77286,1.73037,1.73335,726867.5263
25.12.2005 22:00:00.000 GMT-0000,1.73379,1.74053,1.71274,1.72260,739855.4065000003
01.01.2006 22:00:00.000 GMT-0000,1.72255,1.77183,1.71755,1.77035,732130.2846000001
08.01.2006 22:00:00.000 GMT-0000,1.76792,1.77775,1.75201,1.77655,732834.6012999993
15.01.2006 22:00:00.000 GMT-0000,1.77647,1.77939,1.75275,1.77055,730955.9054000002
22.01.2006 22:00:00.000 GMT-0000,1.77004,1.79303,1.76651,1.76705,744352.0552999999
29.01.2006 22:00:00.000 GMT-0000,1.76816,1.78562,1.75919,1.76255,722805.3126000004
05.02.2006 22:00:00.000 GMT-0000,1.76269,1.76386,1.73749,1.74402,727551.4112000001
12.02.2006 22:00:00.000 GMT-0000,1.74368,1.74853,1.72802,1.74180,725553.7763
19.02.2006 22:00:00.000 GMT-0000,1.74053,1.75526,1.73611,1.74545,731356.8477999999
26.02.2006 22:00:00.000 GMT-0000,1.74382,1.75913,1.73747,1.75525,733502.7231
05.03.2006 22:00:00.000 GMT-0000,1.75587,1.76210,1.72305,1.72580,735041.9168999998
12.03.2006 22:00:00.000 GMT-0000,1.72565,1.75941,1.72273,1.75615,731521.6646999995
19.03.2006 22:00:00.000 GMT-0000,1.75567,1.75849,1.73085,1.74205,728412.0069
26.03.2006 23:00:00.000 GMT+0100,1.74235,1.75336,1.73160,1.73690,732807.4162000003
02.04.2006 22:00:00.000 GMT+0100,1.73647,1.76136,1.72492,1.74245,737720.0472
09.04.2006 22:00:00.000 GMT+0100,1.74158,1.75709,1.73737,1.75085,722564.9581000003
16.04.2006 22:00:00.000 GMT+0100,1.75117,1.79334,1.74628,1.78210,728226.2744
23.04.2006 22:00:00.000 GMT+0100,1.78357,1.82561,1.77919,1.82540,736071.2451000002
30.04.2006 22:00:00.000 GMT+0100,1.82423,1.86207,1.82043,1.85886,728787.3179999999
07.05.2006 22:00:00.000 GMT+0100,1.85986,1.89939,1.85135,1.89425,732973.1996000004
14.05.2006 22:00:00.000 GMT+0100,1.89420,1.90180,1.87001,1.87925,736046.6927
21.05.2006 22:00:00.000 GMT+0100,1.87920,1.88842,1.85285,1.85895,743216.4922000001
28.05.2006 22:00:00.000 GMT+0100,1.85875,1.88626,1.85587,1.88185,731362.9187
04.06.2006 22:00:00.000 GMT+0100,1.88180,1.88752,1.83672,1.83965,737269.0970999997
11.06.2006 22:00:00.000 GMT+0100,1.83960,1.85567,1.83137,1.84990,739144.1607000001
18.06.2006 22:00:00.000 GMT+0100,1.84985,1.85265,1.81293,1.81720,739275.7786999999
25.06.2006 22:00:00.000 GMT+0100,1.81715,1.84980,1.80759,1.84980,742527.3551000002
02.07.2006 22:00:00.000 GMT+0100,1.84789,1.85365,1.83246,1.85060,734240.5500999999
09.07.2006 22:00:00.000 GMT+0100,1.85024,1.85194,1.83109,1.83785,734995.6026999999
16.07.2006 22:00:00.000 GMT+0100,1.83780,1.85964,1.81753,1.85825,733237.1358000002
23.07.2006 22:00:00.000 GMT+0100,1.85880,1.86731,1.83837,1.86330,734698.1473
30.07.2006 22:00:00.000 GMT+0100,1.86276,1.91255,1.86156,1.90755,743313.6929999997
06.08.2006 22:00:00.000 GMT+0100,1.90722,1.91395,1.88663,1.88995,738842.4330999998
13.08.2006 22:00:00.000 GMT+0100,1.89056,1.90220,1.87753,1.88110,731736.3788000003
20.08.2006 22:00:00.000 GMT+0100,1.88057,1.89944,1.88001,1.88680,734008.3303999997
27.08.2006 22:00:00.000 GMT+0100,1.88689,1.90911,1.88597,1.90501,734448.1225000002
03.09.2006 22:00:00.000 GMT+0100,1.90499,1.90789,1.86270,1.86483,746972.6311000001
10.09.2006 22:00:00.000 GMT+0100,1.86508,1.89170,1.86023,1.88087,740112.3674999998
17.09.2006 22:00:00.000 GMT+0100,1.87899,1.90614,1.87351,1.89940,734683.2950999999
24.09.2006 22:00:00.000 GMT+0100,1.89896,1.90708,1.86344,1.87217,736464.0486999997
01.10.2006 22:00:00.000 GMT+0100,1.87285,1.88970,1.86735,1.86863,735275.9008999998
08.10.2006 22:00:00.000 GMT+0100,1.86952,1.87110,1.85163,1.85539,742173.9052999999
15.10.2006 22:00:00.000 GMT+0100,1.85508,1.88577,1.85217,1.88297,738932.3323000001
22.10.2006 22:00:00.000 GMT+0100,1.88303,1.90002,1.86743,1.89755,736638.2113000002
29.10.2006 22:00:00.000 GMT-0000,1.89547,1.91350,1.89471,1.90102,738144.9530999999
05.11.2006 22:00:00.000 GMT-0000,1.90181,1.91772,1.89488,1.91033,735254.2837000001
12.11.2006 22:00:00.000 GMT-0000,1.90997,1.91508,1.88352,1.89405,735662.1017999998
19.11.2006 22:00:00.000 GMT-0000,1.89486,1.93483,1.89316,1.93221,730109.2840000002
26.11.2006 22:00:00.000 GMT-0000,1.94588,1.98449,1.93117,1.98090,736715.8144999999
03.12.2006 22:00:00.000 GMT-0000,1.97613,1.98379,1.95108,1.95457,750658.6543000002
10.12.2006 22:00:00.000 GMT-0000,1.95148,1.97269,1.94655,1.95195,748897.3863000002
17.12.2006 22:00:00.000 GMT-0000,1.95240,1.97464,1.94337,1.95778,744673.3008
24.12.2006 22:00:00.000 GMT-0000,1.95686,1.97564,1.95130,1.95848,761495.6296000003
31.12.2006 22:00:00.000 GMT-0000,1.95860,1.97490,1.92633,1.92900,748868.1404
07.01.2007 22:00:00.000 GMT-0000,1.93033,1.96036,1.92608,1.95893,742725.5169
14.01.2007 22:00:00.000 GMT-0000,1.95938,1.97776,1.95697,1.97335,744450.1399000008
21.01.2007 22:00:00.000 GMT-0000,1.97380,1.99145,1.95576,1.95905,743545.8215999998
28.01.2007 22:00:00.000 GMT-0000,1.95969,1.97440,1.94817,1.96584,743443.0697999998
04.02.2007 22:00:00.000 GMT-0000,1.96598,1.97299,1.94571,1.94892,736378.8530999996
11.02.2007 22:00:00.000 GMT-0000,1.94787,1.96749,1.94014,1.94928,753110.6170000001
18.02.2007 22:00:00.000 GMT-0000,1.94944,1.96507,1.94333,1.96336,733476.7538000002
25.02.2007 22:00:00.000 GMT-0000,1.96348,1.96718,1.94111,1.94318,742111.5200999998
04.03.2007 22:00:00.000 GMT-0000,1.94282,1.94473,1.91822,1.93175,745084.4709
11.03.2007 21:00:00.000 GMT-0000,1.93172,1.95038,1.92124,1.94212,740498.9886000005
18.03.2007 21:00:00.000 GMT-0000,1.94096,1.97244,1.93832,1.96122,736273.2455999998
25.03.2007 22:00:00.000 GMT+0100,1.96081,1.97197,1.95466,1.96707,750547.7391000001
01.04.2007 22:00:00.000 GMT+0100,1.96810,1.98235,1.96355,1.96520,1928948.8588999999
08.04.2007 22:00:00.000 GMT+0100,1.96520,1.98870,1.95915,1.98580,1473237.6116000002
15.04.2007 22:00:00.000 GMT+0100,1.98569,2.01320,1.98515,2.00190,2062385.3451999999
22.04.2007 22:00:00.000 GMT+0100,2.00469,2.00615,1.98640,1.99760,2161196.0268000006
29.04.2007 22:00:00.000 GMT+0100,1.99578,2.00745,1.98425,1.99180,3527396.2075999994
06.05.2007 22:00:00.000 GMT+0100,1.99410,1.99985,1.97615,1.98140,5665647.400599997
13.05.2007 22:00:00.000 GMT+0100,1.98240,1.98740,1.97000,1.97450,6146680.6474
20.05.2007 22:00:00.000 GMT+0100,1.97490,1.98950,1.96755,1.98360,5508315.4737
27.05.2007 22:00:00.000 GMT+0100,1.98390,1.98990,1.97340,1.98220,4734873.983899999
03.06.2007 22:00:00.000 GMT+0100,1.98166,1.99680,1.96220,1.97000,6140794.627800001
10.06.2007 22:00:00.000 GMT+0100,1.97000,1.97830,1.96500,1.97590,5045106.902100002
17.06.2007 22:00:00.000 GMT+0100,1.97560,1.99960,1.97460,1.99890,4746196.809700001
24.06.2007 22:00:00.000 GMT+0100,1.99843,2.00870,1.99290,2.00838,5375217.2348
01.07.2007 22:00:00.000 GMT+0100,2.00815,2.02060,2.00580,2.01070,5500574.848799997
08.07.2007 22:00:00.000 GMT+0100,2.01156,2.03660,2.00970,2.03400,8088397.7020999985
15.07.2007 22:00:00.000 GMT+0100,2.03332,2.05865,2.03200,2.05590,7399868.0842
22.07.2007 22:00:00.000 GMT+0100,2.05550,2.06530,2.02240,2.02400,8024568.146300002
29.07.2007 22:00:00.000 GMT+0100,2.02310,2.04610,2.01820,2.04000,6579916.412100002
05.08.2007 22:00:00.000 GMT+0100,2.03933,2.04620,2.01520,2.02278,7757756.871399998
12.08.2007 22:00:00.000 GMT+0100,2.02133,2.02585,1.96510,1.98040,8568874.796799999
19.08.2007 22:00:00.000 GMT+0100,1.98100,2.01490,1.97430,2.01410,6283358.445000001
26.08.2007 22:00:00.000 GMT+0100,2.01348,2.02330,1.99580,2.01673,6579853.842600001
02.09.2007 22:00:00.000 GMT+0100,2.01715,2.03245,2.00425,2.02850,4999087.979499999
09.09.2007 22:00:00.000 GMT+0100,2.02758,2.03660,2.00530,2.00720,4633782.849599999
16.09.2007 22:00:00.000 GMT+0100,2.00522,2.02135,1.98790,2.02000,4703482.6828000005
23.09.2007 22:00:00.000 GMT+0100,2.02080,2.04890,2.00855,2.04710,4523051.754799998
30.09.2007 22:00:00.000 GMT+0100,2.04546,2.04940,2.02775,2.04190,4398111.662199999
07.10.2007 22:00:00.000 GMT+0100,2.04157,2.04790,2.02465,2.03580,4827161.8785
14.10.2007 22:00:00.000 GMT+0100,2.03439,2.05240,2.02865,2.05135,7787702.6965
21.10.2007 22:00:00.000 GMT+0100,2.05390,2.05725,2.02580,2.05175,6624586.903399998
28.10.2007 21:00:00.000 GMT-0000,2.05500,2.08965,2.05285,2.08925,9475092.2151
04.11.2007 22:00:00.000 GMT-0000,2.08906,2.11615,2.07815,2.08956,4771729.619100002
11.11.2007 22:00:00.000 GMT-0000,2.08580,2.08690,2.03520,2.05417,4584304.3985
18.11.2007 22:00:00.000 GMT-0000,2.05382,2.07650,2.04510,2.06228,10726988.936300004
25.11.2007 22:00:00.000 GMT-0000,2.06016,2.08325,2.05325,2.05580,2384894.785100001
02.12.2007 22:00:00.000 GMT-0000,2.05460,2.06785,2.01790,2.02970,2737965.9032
09.12.2007 22:00:00.000 GMT-0000,2.03008,2.05810,2.01465,2.01730,2763414.2759
16.12.2007 22:00:00.000 GMT-0000,2.01437,2.02280,1.98090,1.98316,2310168.0239
23.12.2007 22:00:00.000 GMT-0000,1.98338,2.00220,1.96933,1.99569,1174710.6030000004
30.12.2007 22:00:00.000 GMT-0000,1.99456,2.01020,1.96730,1.97331,1393128.3654999998
06.01.2008 22:00:00.000 GMT-0000,1.97358,1.98285,1.94830,1.95620,2498758.4927
13.01.2008 22:00:00.000 GMT-0000,1.95763,1.97915,1.95120,1.95493,3381730.8112
20.01.2008 22:00:00.000 GMT-0000,1.95742,1.98475,1.93360,1.98251,2864158.460000001
27.01.2008 22:00:00.000 GMT-0000,1.98370,1.99580,1.96442,1.96469,2660671.1254000003
03.02.2008 22:00:00.000 GMT-0000,1.96517,1.97865,1.93880,1.94533,1920818.9426000004
10.02.2008 22:00:00.000 GMT-0000,1.94566,1.97380,1.94015,1.96069,802622.8342999998
17.02.2008 22:00:00.000 GMT-0000,1.95697,1.97085,1.93620,1.96642,2482781.152300002
24.02.2008 22:00:00.000 GMT-0000,1.96900,1.99710,1.96160,1.98805,3368274.0550000006
02.03.2008 22:00:00.000 GMT-0000,1.98870,2.02160,1.97205,2.01294,2868848.554600002
09.03.2008 21:00:00.000 GMT-0000,2.01446,2.03980,1.99950,2.02005,3707200.6048000003
16.03.2008 21:00:00.000 GMT-0000,2.01760,2.02730,1.97350,1.98110,3147069.5301999967
23.03.2008 21:00:00.000 GMT-0000,1.98138,2.01925,1.97560,1.99380,3274888.8491
30.03.2008 22:00:00.000 GMT+0100,1.99570,2.00470,1.97280,1.99304,3178150.606599999
06.04.2008 22:00:00.000 GMT+0100,1.99520,1.99520,1.96490,1.96846,5061017.329299999
13.04.2008 22:00:00.000 GMT+0100,1.96520,1.99980,1.95995,1.99750,4032044.208400001
20.04.2008 22:00:00.000 GMT+0100,1.99630,2.00265,1.96760,1.98560,2585197.287599999
27.04.2008 22:00:00.000 GMT+0100,1.98410,1.99650,1.96230,1.97140,925089.9139000002
04.05.2008 22:00:00.000 GMT+0100,1.97250,1.97840,1.94590,1.95350,612277.0349999999
11.05.2008 22:00:00.000 GMT+0100,1.95049,1.96330,1.93620,1.95728,709437.5706999999
18.05.2008 22:00:00.000 GMT+0100,1.95640,1.98520,1.94525,1.97960,807568.5567
25.05.2008 22:00:00.000 GMT+0100,1.97931,1.98460,1.96725,1.98058,662888.2439000001
01.06.2008 22:00:00.000 GMT+0100,1.97287,1.97730,1.94610,1.97075,514457.9257999999
08.06.2008 22:00:00.000 GMT+0100,1.96883,1.98005,1.94100,1.94750,914698.1158
15.06.2008 22:00:00.000 GMT+0100,1.94942,1.97910,1.94590,1.97585,1430721.0806999994
22.06.2008 22:00:00.000 GMT+0100,1.97445,1.99520,1.95850,1.99475,1356188.2184000001
29.06.2008 22:00:00.000 GMT+0100,1.99438,2.00065,1.97940,1.98190,1238408.5613000009
06.07.2008 22:00:00.000 GMT+0100,1.98226,1.99580,1.96485,1.98870,957950.3262000001
13.07.2008 22:00:00.000 GMT+0100,1.99048,2.01550,1.98110,1.99825,950843.3722999999
20.07.2008 22:00:00.000 GMT+0100,1.99780,2.00755,1.98160,1.99140,964995.5539999999
27.07.2008 22:00:00.000 GMT+0100,1.99148,1.99680,1.97250,1.97510,975438.9190999995
03.08.2008 22:00:00.000 GMT+0100,1.97399,1.97592,1.91455,1.92095,1246850.2919000003
10.08.2008 22:00:00.000 GMT+0100,1.91188,1.92550,1.85120,1.86580,1086876.6858000003
17.08.2008 22:00:00.000 GMT+0100,1.86388,1.87935,1.85040,1.85260,935932.5162
24.08.2008 22:00:00.000 GMT+0100,1.85029,1.85895,1.81730,1.82080,1088178.7271999998
31.08.2008 22:00:00.000 GMT+0100,1.81490,1.81500,1.75360,1.76625,1384071.6594999998
07.09.2008 22:00:00.000 GMT+0100,1.77791,1.79760,1.74455,1.79400,1564520.7980999995
14.09.2008 22:00:00.000 GMT+0100,1.80507,1.83860,1.77330,1.83120,2808479.249
21.09.2008 22:00:00.000 GMT+0100,1.83311,1.86685,1.82615,1.84420,1619518.9456999998
28.09.2008 22:00:00.000 GMT+0100,1.83518,1.83565,1.75500,1.77120,1893997.8943000005
05.10.2008 22:00:00.000 GMT+0100,1.76828,1.77162,1.67700,1.70430,22101272.723200016
12.10.2008 22:00:00.000 GMT+0100,1.71477,1.76295,1.69190,1.72810,33943047.27890003
19.10.2008 22:00:00.000 GMT+0100,1.73221,1.75170,1.52590,1.58985,26865025.537000015
26.10.2008 21:00:00.000 GMT-0000,1.58088,1.66715,1.52755,1.60643,4078447.8280999986
02.11.2008 22:00:00.000 GMT-0000,1.60800,1.63980,1.55305,1.56440,803504.3483000003
09.11.2008 22:00:00.000 GMT-0000,1.58116,1.58830,1.45565,1.47330,715190.2663
16.11.2008 22:00:00.000 GMT-0000,1.46475,1.52480,1.46384,1.49185,775178.5372999997
23.11.2008 22:00:00.000 GMT-0000,1.49190,1.55340,1.48375,1.53670,713577.7452000001
30.11.2008 22:00:00.000 GMT-0000,1.53622,1.53985,1.44670,1.46815,865755.0006000005
07.12.2008 22:00:00.000 GMT-0000,1.47324,1.51190,1.46740,1.49430,1121935.8026000003
14.12.2008 22:00:00.000 GMT-0000,1.49509,1.57205,1.48115,1.49255,1239290.1734000004
21.12.2008 22:00:00.000 GMT-0000,1.49520,1.49900,1.45585,1.45585,632068.8987000003
28.12.2008 22:00:00.000 GMT-0000,1.46565,1.48245,1.43505,1.45455,752770.2474000001
04.01.2009 22:00:00.000 GMT-0000,1.45356,1.53735,1.44250,1.51615,927507.5525000001
11.01.2009 22:00:00.000 GMT-0000,1.51384,1.51485,1.44680,1.47328,1346755.2995
18.01.2009 22:00:00.000 GMT-0000,1.48297,1.49080,1.35020,1.37935,1211050.4424
25.01.2009 22:00:00.000 GMT-0000,1.37283,1.45547,1.35470,1.45547,1549399.5793999997
01.02.2009 22:00:00.000 GMT-0000,1.44670,1.48445,1.40515,1.47830,1256369.9549
08.02.2009 22:00:00.000 GMT-0000,1.47850,1.49855,1.41355,1.43510,1278463.1739999992
15.02.2009 22:00:00.000 GMT-0000,1.42074,1.44820,1.40925,1.44300,1203304.6780000005
22.02.2009 22:00:00.000 GMT-0000,1.43965,1.46605,1.41100,1.43098,1263443.6388000003
01.03.2009 22:00:00.000 GMT-0000,1.42885,1.43060,1.39570,1.40900,1303926.1458000005
08.03.2009 21:00:00.000 GMT-0000,1.40821,1.41810,1.36540,1.39980,1569810.3700000008
15.03.2009 21:00:00.000 GMT-0000,1.39622,1.45965,1.38430,1.44620,1676586.7944000005
22.03.2009 21:00:00.000 GMT-0000,1.44644,1.47790,1.42660,1.43165,1520023.6738999994
29.03.2009 22:00:00.000 GMT+0100,1.42507,1.48455,1.41105,1.48365,1538596.7096999998
05.04.2009 22:00:00.000 GMT+0100,1.48323,1.49585,1.45815,1.46730,1583727.3786
12.04.2009 22:00:00.000 GMT+0100,1.46318,1.50665,1.46005,1.47945,1612154.9860999999
19.04.2009 22:00:00.000 GMT+0100,1.47972,1.48100,1.43960,1.46760,1817725.6274
26.04.2009 22:00:00.000 GMT+0100,1.46685,1.49475,1.45145,1.49185,1995849.8080000002
03.05.2009 22:00:00.000 GMT+0100,1.49037,1.52480,1.48355,1.52315,1905117.0941999995
10.05.2009 22:00:00.000 GMT+0100,1.52244,1.53525,1.50595,1.51750,1861101.4066999995
17.05.2009 22:00:00.000 GMT+0100,1.51586,1.59445,1.51155,1.59260,1999927.9530000002
24.05.2009 22:00:00.000 GMT+0100,1.59080,1.61990,1.57770,1.61860,1838437.4662
31.05.2009 22:00:00.000 GMT+0100,1.61932,1.66630,1.59390,1.59795,2249009.3936
07.06.2009 22:00:00.000 GMT+0100,1.59544,1.66220,1.58020,1.64405,1480005.6313
14.06.2009 22:00:00.000 GMT+0100,1.64340,1.65615,1.61859,1.64920,752560.2921999996
21.06.2009 22:00:00.000 GMT+0100,1.65046,1.66015,1.62085,1.65225,1735173.4962000002
28.06.2009 22:00:00.000 GMT+0100,1.65205,1.67440,1.63020,1.63300,1575811.7719000012
05.07.2009 22:00:00.000 GMT+0100,1.63194,1.63805,1.59830,1.62105,1985973.9344000006
12.07.2009 22:00:00.000 GMT+0100,1.62045,1.64785,1.60330,1.63340,1870211.5130999999
19.07.2009 22:00:00.000 GMT+0100,1.63217,1.65860,1.63105,1.64245,2046470.4445
26.07.2009 22:00:00.000 GMT+0100,1.64670,1.67320,1.63390,1.67063,2796285.8570000017
02.08.2009 22:00:00.000 GMT+0100,1.67167,1.70425,1.66510,1.66825,2152874.623500001
09.08.2009 22:00:00.000 GMT+0100,1.66712,1.67185,1.63900,1.65410,1249785.9269999997
16.08.2009 22:00:00.000 GMT+0100,1.65055,1.66240,1.62750,1.65060,1292482.6239999998
23.08.2009 22:00:00.000 GMT+0100,1.64983,1.65445,1.61535,1.62665,1554749.7051999995
30.08.2009 22:00:00.000 GMT+0100,1.62634,1.64130,1.61125,1.63900,1450794.8333
06.09.2009 22:00:00.000 GMT+0100,1.63870,1.67415,1.63215,1.66550,1197050.7248000002
13.09.2009 22:00:00.000 GMT+0100,1.66768,1.66865,1.62300,1.62695,1221862.8123000003
20.09.2009 22:00:00.000 GMT+0100,1.62215,1.64675,1.59150,1.59485,1176153.2616000006
27.09.2009 22:00:00.000 GMT+0100,1.59621,1.61255,1.57695,1.59475,1337977.2881999998
04.10.2009 22:00:00.000 GMT+0100,1.59423,1.61200,1.58250,1.58425,1464488.7780000002
11.10.2009 22:00:00.000 GMT+0100,1.58341,1.63990,1.57080,1.63545,1273433.1908999996
18.10.2009 22:00:00.000 GMT+0100,1.62908,1.66935,1.62405,1.63035,1316583.6603000003
25.10.2009 21:00:00.000 GMT-0000,1.62886,1.66030,1.62505,1.64494,1225062.401
01.11.2009 22:00:00.000 GMT-0000,1.64030,1.66355,1.62610,1.66092,1273037.1712
08.11.2009 22:00:00.000 GMT-0000,1.66580,1.68425,1.65155,1.66696,1179703.4139000005
15.11.2009 22:00:00.000 GMT-0000,1.66995,1.68780,1.64600,1.65005,1036658.8557999997
22.11.2009 22:00:00.000 GMT-0000,1.64965,1.67460,1.62705,1.64985,998728.2530999997
29.11.2009 22:00:00.000 GMT-0000,1.65035,1.67215,1.63800,1.64745,1151910.0155000004
06.12.2009 22:00:00.000 GMT-0000,1.64245,1.65155,1.61665,1.62600,1191361.6653000002
13.12.2009 22:00:00.000 GMT-0000,1.62455,1.64110,1.60510,1.61505,1069820.9442999999
20.12.2009 22:00:00.000 GMT-0000,1.61160,1.61645,1.59210,1.59620,749265.7767999998
27.12.2009 22:00:00.000 GMT-0000,1.59840,1.62360,1.58315,1.61614,639111.3069
03.01.2010 22:00:00.000 GMT-0000,1.61034,1.62415,1.58960,1.60210,1079678.309
10.01.2010 22:00:00.000 GMT-0000,1.60675,1.63545,1.60430,1.62615,1173369.0300000003
17.01.2010 22:00:00.000 GMT-0000,1.62615,1.64575,1.60770,1.61115,1088670.8199000005
24.01.2010 22:00:00.000 GMT-0000,1.61010,1.62755,1.59775,1.59883,1175419.6313
31.01.2010 22:00:00.000 GMT-0000,1.59440,1.60690,1.55580,1.56380,1238806.7713999995
07.02.2010 22:00:00.000 GMT-0000,1.55890,1.57650,1.55335,1.56980,1250457.8657000002
14.02.2010 22:00:00.000 GMT-0000,1.56805,1.58155,1.53505,1.54700,1125815.2386999996
21.02.2010 22:00:00.000 GMT-0000,1.54740,1.55750,1.51515,1.52347,1350583.4427999994
28.02.2010 22:00:00.000 GMT-0000,1.51540,1.52030,1.47805,1.51340,1264458.4237999998
07.03.2010 22:00:00.000 GMT-0000,1.51310,1.52170,1.48725,1.52025,1240207.8611999997
14.03.2010 21:00:00.000 GMT-0000,1.51684,1.53815,1.49775,1.50105,1369177.7678999999
21.03.2010 21:00:00.000 GMT-0000,1.50223,1.51120,1.47975,1.48950,1193946.0829999996
28.03.2010 22:00:00.000 GMT+0100,1.49135,1.52980,1.48915,1.52035,1088912.9819000007
04.04.2010 22:00:00.000 GMT+0100,1.52815,1.53910,1.51290,1.53685,1055457.2182000005
11.04.2010 22:00:00.000 GMT+0100,1.54535,1.55225,1.53355,1.53600,1252655.1992999997
18.04.2010 22:00:00.000 GMT+0100,1.52782,1.54730,1.51915,1.53745,1398625.6367000004
25.04.2010 22:00:00.000 GMT+0100,1.53865,1.54975,1.51250,1.52710,1750248.1559000001
02.05.2010 22:00:00.000 GMT+0100,1.53240,1.53335,1.44755,1.48010,1464920.0263999999
09.05.2010 22:00:00.000 GMT+0100,1.48820,1.50540,1.44955,1.45315,1263777.0133000005
16.05.2010 22:00:00.000 GMT+0100,1.45168,1.45455,1.42275,1.44560,1219838.4197000002
23.05.2010 22:00:00.000 GMT+0100,1.44595,1.46110,1.42580,1.44535,1188468.1259000006
30.05.2010 22:00:00.000 GMT+0100,1.44150,1.47700,1.44000,1.44515,1288692.6742
06.06.2010 22:00:00.000 GMT+0100,1.44095,1.47585,1.43460,1.45485,1505027.6044999997
13.06.2010 22:00:00.000 GMT+0100,1.45695,1.48860,1.45495,1.48195,1214436.5971
20.06.2010 22:00:00.000 GMT+0100,1.48595,1.50770,1.46875,1.50560,1134745.7712000003
27.06.2010 22:00:00.000 GMT+0100,1.50535,1.52290,1.48730,1.51925,1163038.2026000002
04.07.2010 22:00:00.000 GMT+0100,1.52025,1.52405,1.50500,1.50625,1111361.8581999994
11.07.2010 22:00:00.000 GMT+0100,1.50775,1.54710,1.49480,1.53000,1405382.3010999996
18.07.2010 22:00:00.000 GMT+0100,1.52750,1.54490,1.51235,1.54230,1292549.6835000003
25.07.2010 22:00:00.000 GMT+0100,1.54155,1.57205,1.54060,1.56810,1258066.5801000004
01.08.2010 22:00:00.000 GMT+0100,1.57037,1.59975,1.56950,1.59415,1087741.0761000002
08.08.2010 22:00:00.000 GMT+0100,1.59640,1.59950,1.55615,1.55920,1339582.3934
15.08.2010 22:00:00.000 GMT+0100,1.56095,1.57020,1.54620,1.55335,1253267.6724000005
22.08.2010 22:00:00.000 GMT+0100,1.55295,1.56190,1.53715,1.55265,1503124.6268
29.08.2010 22:00:00.000 GMT+0100,1.55300,1.55755,1.53260,1.54495,1252670.1293999997
05.09.2010 22:00:00.000 GMT+0100,1.54300,1.55325,1.52965,1.53560,1371077.9353
12.09.2010 22:00:00.000 GMT+0100,1.53555,1.57280,1.53470,1.56260,1258456.7266999995
19.09.2010 22:00:00.000 GMT+0100,1.56482,1.58435,1.55030,1.58135,1155243.5265
26.09.2010 22:00:00.000 GMT+0100,1.58150,1.59225,1.56690,1.58170,1566301.6734000007
03.10.2010 22:00:00.000 GMT+0100,1.57983,1.60175,1.57485,1.59615,1230420.6535
10.10.2010 22:00:00.000 GMT+0100,1.59503,1.61055,1.57550,1.59900,1384990.6267999995
17.10.2010 22:00:00.000 GMT+0100,1.59722,1.60035,1.56500,1.56835,1307711.8612
24.10.2010 22:00:00.000 GMT+0100,1.56780,1.60440,1.56612,1.60355,613416.0495999998
31.10.2010 21:00:00.000 GMT-0000,1.60428,1.62981,1.59614,1.61783,514506.7978999999
07.11.2010 22:00:00.000 GMT-0000,1.61943,1.62122,1.59515,1.61122,513165.8982999999
14.11.2010 22:00:00.000 GMT-0000,1.61448,1.61529,1.58384,1.59767,290916.7003
21.11.2010 22:00:00.000 GMT-0000,1.59791,1.60841,1.55753,1.55907,291544.69940000004
28.11.2010 22:00:00.000 GMT-0000,1.55889,1.57869,1.54841,1.57683,641943.6976000001
05.12.2010 22:00:00.000 GMT-0000,1.57571,1.58614,1.56550,1.58002,598506.6026000002
12.12.2010 22:00:00.000 GMT-0000,1.57943,1.59103,1.54538,1.55324,647098.3985999998
19.12.2010 22:00:00.000 GMT-0000,1.55141,1.55759,1.53559,1.54375,484101.7244999999
26.12.2010 22:00:00.000 GMT-0000,1.54363,1.56639,1.53439,1.56080,438630.9078999998
02.01.2011 22:00:00.000 GMT-0000,1.55626,1.56452,1.54056,1.55431,610648.0214000002
09.01.2011 22:00:00.000 GMT-0000,1.55185,1.58878,1.54745,1.58661,642603.8375000001
16.01.2011 22:00:00.000 GMT-0000,1.58620,1.60586,1.58348,1.59960,681566.5187000001
23.01.2011 22:00:00.000 GMT-0000,1.60030,1.60159,1.57507,1.58577,648968.2195999997
30.01.2011 22:00:00.000 GMT-0000,1.58474,1.62773,1.58207,1.61099,755894.4396999999
06.02.2011 22:00:00.000 GMT-0000,1.60964,1.61845,1.59628,1.60050,780237.8604000002
13.02.2011 22:00:00.000 GMT-0000,1.59851,1.62625,1.59808,1.62501,940571.1008000002
20.02.2011 22:00:00.000 GMT-0000,1.62549,1.62731,1.60304,1.61163,887738.2901999996
27.02.2011 22:00:00.000 GMT-0000,1.61157,1.63438,1.60714,1.62666,904851.7524999995
06.03.2011 22:00:00.000 GMT-0000,1.62754,1.63409,1.59766,1.60796,819066.5806999999
13.03.2011 21:00:00.000 GMT-0000,1.60875,1.62559,1.59774,1.62296,1080279.6579000002
20.03.2011 21:00:00.000 GMT-0000,1.62301,1.64003,1.60072,1.60385,852615.3469999998
27.03.2011 22:00:00.000 GMT+0100,1.60003,1.61504,1.59360,1.61096,853677.9433999999
03.04.2011 22:00:00.000 GMT+0100,1.61073,1.64272,1.60910,1.63786,857379.2768999997
10.04.2011 22:00:00.000 GMT+0100,1.63703,1.64256,1.62270,1.63223,848471.6823000002
17.04.2011 22:00:00.000 GMT+0100,1.63066,1.65992,1.61653,1.65006,773396.1620999994
24.04.2011 22:00:00.000 GMT+0100,1.65253,1.67453,1.64311,1.67066,762124.2595000002
01.05.2011 22:00:00.000 GMT+0100,1.67090,1.67376,1.63549,1.63643,931422.1531000002
08.05.2011 22:00:00.000 GMT+0100,1.63509,1.65168,1.61463,1.61932,1003066.1588000001
15.05.2011 22:00:00.000 GMT+0100,1.62085,1.63047,1.61052,1.62247,915147.6384
22.05.2011 22:00:00.000 GMT+0100,1.62229,1.65117,1.60580,1.65033,906487.9488000002
29.05.2011 22:00:00.000 GMT+0100,1.64954,1.65464,1.62838,1.64221,736533.0179
05.06.2011 22:00:00.000 GMT+0100,1.64056,1.64718,1.62125,1.62260,803653.7730999998
12.06.2011 22:00:00.000 GMT+0100,1.62308,1.64411,1.60783,1.61893,864874.6181999998
19.06.2011 22:00:00.000 GMT+0100,1.61603,1.62623,1.59380,1.59565,834308.4213000004
26.06.2011 22:00:00.000 GMT+0100,1.59595,1.61178,1.59110,1.60683,865544.1144000001
03.07.2011 22:00:00.000 GMT+0100,1.60560,1.61397,1.59313,1.60563,727824.3184999995
10.07.2011 22:00:00.000 GMT+0100,1.60124,1.61928,1.57800,1.61424,915118.4989
17.07.2011 22:00:00.000 GMT+0100,1.61082,1.63387,1.60049,1.62962,832027.0253999999
24.07.2011 22:00:00.000 GMT+0100,1.63292,1.64700,1.62607,1.64209,856280.3893
31.07.2011 22:00:00.000 GMT+0100,1.64232,1.64746,1.62240,1.63875,1026000.6497999995
07.08.2011 22:00:00.000 GMT+0100,1.64656,1.64749,1.61107,1.62794,1125179.3190000001
14.08.2011 22:00:00.000 GMT+0100,1.62768,1.66175,1.62553,1.64633,907096.7198
21.08.2011 22:00:00.000 GMT+0100,1.64659,1.65725,1.62074,1.63671,888490.3712999999
28.08.2011 22:00:00.000 GMT+0100,1.63491,1.64541,1.61315,1.62145,752210.7911000001
04.09.2011 22:00:00.000 GMT+0100,1.61501,1.61950,1.58436,1.58796,886843.798
11.09.2011 22:00:00.000 GMT+0100,1.58318,1.58855,1.57060,1.57918,958519.0488000001
18.09.2011 22:00:00.000 GMT+0100,1.57313,1.57553,1.53274,1.54447,953315.2018
25.09.2011 22:00:00.000 GMT+0100,1.54754,1.57152,1.54318,1.55768,1004201.0121000003
02.10.2011 22:00:00.000 GMT+0100,1.55464,1.56457,1.52714,1.55535,1074830.839199999
09.10.2011 22:00:00.000 GMT+0100,1.55567,1.58518,1.55268,1.58175,970402.8596000001
16.10.2011 22:00:00.000 GMT+0100,1.58275,1.59731,1.56314,1.59516,1021103.6410999995
23.10.2011 22:00:00.000 GMT+0100,1.59305,1.61517,1.58904,1.61243,952771.6281999997
30.10.2011 21:00:00.000 GMT-0000,1.61206,1.61659,1.58760,1.60305,1111791.6878
06.11.2011 22:00:00.000 GMT-0000,1.60663,1.61293,1.58682,1.60630,989285.3827999996
13.11.2011 22:00:00.000 GMT-0000,1.60873,1.60916,1.56905,1.58043,1123124.8785
20.11.2011 22:00:00.000 GMT-0000,1.57857,1.57964,1.54229,1.54370,1085486.7085000002
27.11.2011 22:00:00.000 GMT-0000,1.54875,1.57794,1.54589,1.55951,1104370.2249
04.12.2011 22:00:00.000 GMT-0000,1.56249,1.57694,1.55610,1.56673,1032960.1313
11.12.2011 22:00:00.000 GMT-0000,1.56531,1.56577,1.54090,1.55427,1130185.1685000001
18.12.2011 22:00:00.000 GMT-0000,1.55420,1.57737,1.54645,1.55847,928514.3280000002
25.12.2011 22:00:00.000 GMT-0000,1.55928,1.56915,1.53617,1.55422,597768.0093000003
01.01.2012 22:00:00.000 GMT-0000,1.54957,1.56694,1.53750,1.54248,849787.4417999994
08.01.2012 22:00:00.000 GMT-0000,1.54230,1.55002,1.52336,1.53163,1088671.8122000003
15.01.2012 22:00:00.000 GMT-0000,1.52775,1.55765,1.52749,1.55738,1025077.7618
22.01.2012 22:00:00.000 GMT-0000,1.55535,1.57390,1.55164,1.57257,1077666.5076999997
29.01.2012 22:00:00.000 GMT-0000,1.57305,1.58826,1.56536,1.58115,1109572.5896999997
05.02.2012 22:00:00.000 GMT-0000,1.58102,1.59281,1.57298,1.57533,899213.3686
12.02.2012 22:00:00.000 GMT-0000,1.57757,1.58618,1.56442,1.58211,869501.2815999999
19.02.2012 22:00:00.000 GMT-0000,1.58450,1.58985,1.56480,1.58770,735688.3121
26.02.2012 22:00:00.000 GMT-0000,1.58829,1.59916,1.57990,1.58325,783462.4411999995
04.03.2012 22:00:00.000 GMT-0000,1.58349,1.58815,1.56619,1.56730,639833.3968000002
11.03.2012 21:00:00.000 GMT-0000,1.56626,1.58607,1.56020,1.58442,686166.3320999998
18.03.2012 21:00:00.000 GMT-0000,1.58340,1.59228,1.57699,1.58670,684760.3395
25.03.2012 22:00:00.000 GMT+0100,1.58734,1.60367,1.58008,1.60039,689411.0708999997
01.04.2012 22:00:00.000 GMT+0100,1.60214,1.60622,1.58050,1.58722,584182.6198999999
08.04.2012 22:00:00.000 GMT+0100,1.58856,1.59842,1.58084,1.58444,642233.0325999997
15.04.2012 22:00:00.000 GMT+0100,1.58461,1.61496,1.58187,1.61188,765194.3813
22.04.2012 22:00:00.000 GMT+0100,1.61213,1.62793,1.60760,1.62632,756318.9764999999
29.04.2012 22:00:00.000 GMT+0100,1.62713,1.63008,1.61401,1.61459,656422.5114999999
06.05.2012 22:00:00.000 GMT+0100,1.61347,1.61975,1.60610,1.60656,788577.2716000001
13.05.2012 22:00:00.000 GMT+0100,1.60632,1.61226,1.57319,1.58161,866471.3080999998
20.05.2012 22:00:00.000 GMT+0100,1.57966,1.58477,1.56300,1.56639,883532.4519000001
27.05.2012 22:00:00.000 GMT+0100,1.56910,1.57162,1.52677,1.53603,841755.2682
03.06.2012 22:00:00.000 GMT+0100,1.53590,1.56000,1.53207,1.54690,830660.2417999998
10.06.2012 22:00:00.000 GMT+0100,1.55061,1.57256,1.54538,1.57094,864486.1512000001
17.06.2012 22:00:00.000 GMT+0100,1.57033,1.57770,1.55564,1.55803,937290.5302
24.06.2012 22:00:00.000 GMT+0100,1.55650,1.57143,1.54846,1.57051,907855.6512999997
01.07.2012 22:00:00.000 GMT+0100,1.56952,1.57216,1.54600,1.54844,807353.5785999999
08.07.2012 22:00:00.000 GMT+0100,1.54735,1.55801,1.53924,1.55741,794653.5068000002
15.07.2012 22:00:00.000 GMT+0100,1.55760,1.57369,1.55165,1.56178,862391.4001000003
22.07.2012 22:00:00.000 GMT+0100,1.56235,1.57671,1.54581,1.57475,1043751.7562000004
29.07.2012 22:00:00.000 GMT+0100,1.57354,1.57504,1.54899,1.56377,910340.4777999999
05.08.2012 22:00:00.000 GMT+0100,1.56148,1.57007,1.55460,1.56860,790062.1592000003
12.08.2012 22:00:00.000 GMT+0100,1.56714,1.57439,1.56359,1.56934,651998.4393000002
19.08.2012 22:00:00.000 GMT+0100,1.57036,1.59121,1.56773,1.58078,701327.8261999997
26.08.2012 22:00:00.000 GMT+0100,1.58193,1.58949,1.57535,1.58624,616383.3909000003
02.09.2012 22:00:00.000 GMT+0100,1.58771,1.60336,1.58256,1.60097,703357.9540999999
09.09.2012 22:00:00.000 GMT+0100,1.60161,1.62550,1.59583,1.62150,729279.1219999999
16.09.2012 22:00:00.000 GMT+0100,1.62196,1.63089,1.61627,1.62275,689805.1205000001
23.09.2012 22:00:00.000 GMT+0100,1.62347,1.62717,1.61145,1.61644,660453.2598
30.09.2012 22:00:00.000 GMT+0100,1.61458,1.62164,1.60660,1.61327,683112.2114999997
07.10.2012 22:00:00.000 GMT+0100,1.61324,1.61413,1.59756,1.60682,660479.2394999999
14.10.2012 22:00:00.000 GMT+0100,1.60709,1.61778,1.59966,1.59998,634973.6110000003
21.10.2012 22:00:00.000 GMT+0100,1.59998,1.61427,1.59130,1.61028,640228.2623999999
28.10.2012 21:00:00.000 GMT-0000,1.61027,1.61745,1.60060,1.60190,529585.1093999998
04.11.2012 22:00:00.000 GMT-0000,1.60099,1.60418,1.58874,1.58933,583047.9184999999
11.11.2012 22:00:00.000 GMT-0000,1.59006,1.59149,1.58267,1.58775,525217.3206999999
18.11.2012 22:00:00.000 GMT-0000,1.58861,1.60507,1.58817,1.60263,479946.10829999996
25.11.2012 22:00:00.000 GMT-0000,1.60321,1.60620,1.59618,1.60103,560307.3182
02.12.2012 22:00:00.000 GMT-0000,1.60172,1.61305,1.60019,1.60347,523871.4699
09.12.2012 22:00:00.000 GMT-0000,1.60367,1.61771,1.60135,1.61722,499139.35110000015
16.12.2012 22:00:00.000 GMT-0000,1.61671,1.63061,1.61516,1.61684,606504.2275
23.12.2012 22:00:00.000 GMT-0000,1.61520,1.62057,1.60663,1.61625,390785.0312000001
30.12.2012 22:00:00.000 GMT-0000,1.61733,1.63823,1.60092,1.60678,542616.5724999998
06.01.2013 22:00:00.000 GMT-0000,1.60709,1.61766,1.59920,1.61323,732990.2502999998
13.01.2013 22:00:00.000 GMT-0000,1.61302,1.61540,1.58536,1.58638,801487.9169
20.01.2013 22:00:00.000 GMT-0000,1.58481,1.58929,1.57455,1.57998,765274.3011999999
27.01.2013 22:00:00.000 GMT-0000,1.57605,1.58780,1.56738,1.56910,791987.9036999999
03.02.2013 22:00:00.000 GMT-0000,1.56908,1.58441,1.56300,1.58005,810673.7227000002
10.02.2013 22:00:00.000 GMT-0000,1.57924,1.58096,1.54606,1.55162,771134.6094000003
17.02.2013 22:00:00.000 GMT-0000,1.55037,1.55082,1.51300,1.51605,736830.3276999999
24.02.2013 22:00:00.000 GMT-0000,1.50763,1.52211,1.49853,1.50358,949103.5412000002
03.03.2013 22:00:00.000 GMT-0000,1.50417,1.51984,1.48853,1.49222,727884.5181999999
10.03.2013 21:00:00.000 GMT-0000,1.49153,1.51762,1.48287,1.51129,737889.7872999999
17.03.2013 21:00:00.000 GMT-0000,1.51179,1.52474,1.50265,1.52283,863398.3702999998
24.03.2013 21:00:00.000 GMT-0000,1.52291,1.52599,1.50923,1.51958,659837.3197999997
31.03.2013 22:00:00.000 GMT+0100,1.51873,1.53630,1.50332,1.53347,619672.7784000004
07.04.2013 22:00:00.000 GMT+0100,1.53078,1.54113,1.52397,1.53421,667126.7697000002
14.04.2013 22:00:00.000 GMT+0100,1.53391,1.53847,1.52160,1.52288,823582.9545000006
21.04.2013 22:00:00.000 GMT+0100,1.52317,1.54984,1.51963,1.54746,655126.0191000002
28.04.2013 22:00:00.000 GMT+0100,1.54870,1.56051,1.54675,1.55723,586029.4714999998
05.05.2013 22:00:00.000 GMT+0100,1.55614,1.55976,1.53138,1.53635,596364.3401999999
12.05.2013 22:00:00.000 GMT+0100,1.53556,1.53845,1.51576,1.51666,791539.3810000002
19.05.2013 22:00:00.000 GMT+0100,1.51871,1.52808,1.50133,1.51250,788845.5589999999
26.05.2013 22:00:00.000 GMT+0100,1.51318,1.52394,1.50077,1.51975,666250.1890999998
02.06.2013 22:00:00.000 GMT+0100,1.52023,1.56837,1.51911,1.55544,797248.8988
09.06.2013 22:00:00.000 GMT+0100,1.55219,1.57373,1.54942,1.57067,774762.553
16.06.2013 22:00:00.000 GMT+0100,1.57248,1.57515,1.53680,1.54190,512284.21140000003
23.06.2013 22:00:00.000 GMT+0100,1.53716,1.54772,1.51654,1.52105,516222.60970000015
30.06.2013 22:00:00.000 GMT+0100,1.52010,1.53042,1.48570,1.48860,450634.55180000013
07.07.2013 22:00:00.000 GMT+0100,1.48754,1.52219,1.48130,1.51094,528042.9793
14.07.2013 22:00:00.000 GMT+0100,1.51192,1.52816,1.50276,1.52669,494926.44879999995
21.07.2013 22:00:00.000 GMT+0100,1.52702,1.54344,1.52576,1.53818,848288.5456
28.07.2013 22:00:00.000 GMT+0100,1.53808,1.54133,1.51020,1.52943,488881.97000000003
04.08.2013 22:00:00.000 GMT+0100,1.52918,1.55741,1.52047,1.54978,453626.2172
11.08.2013 22:00:00.000 GMT+0100,1.54901,1.56565,1.54221,1.56263,491195.1616999999
18.08.2013 22:00:00.000 GMT+0100,1.56189,1.57171,1.55389,1.55667,483826.9885999998
25.08.2013 22:00:00.000 GMT+0100,1.55627,1.56115,1.54288,1.55038,420480.76019999996
01.09.2013 22:00:00.000 GMT+0100,1.55333,1.56807,1.55053,1.56272,416698.9325999998
08.09.2013 22:00:00.000 GMT+0100,1.56138,1.58844,1.56130,1.58721,381006.0800000001
15.09.2013 22:00:00.000 GMT+0100,1.59340,1.61631,1.58850,1.60027,450912.6475
22.09.2013 22:00:00.000 GMT+0100,1.60029,1.61468,1.59555,1.61359,375423.26029999997
29.09.2013 22:00:00.000 GMT+0100,1.61409,1.62600,1.60055,1.60060,441421.2821000005
06.10.2013 22:00:00.000 GMT+0100,1.60219,1.61243,1.59139,1.59485,405554.3816
13.10.2013 22:00:00.000 GMT+0100,1.59690,1.62250,1.58940,1.61640,441744.3202000001
20.10.2013 22:00:00.000 GMT+0100,1.61730,1.62565,1.61157,1.61621,415936.479
27.10.2013 21:00:00.000 GMT-0000,1.61619,1.62080,1.59087,1.59215,489613.9169000002
03.11.2013 22:00:00.000 GMT-0000,1.59223,1.61177,1.59033,1.60178,478957.02030000003
10.11.2013 22:00:00.000 GMT-0000,1.59980,1.61342,1.58540,1.61159,482450.4990000002
17.11.2013 22:00:00.000 GMT-0000,1.61216,1.62259,1.60590,1.62243,522524.6693000002
24.11.2013 22:00:00.000 GMT-0000,1.62240,1.63841,1.61329,1.63612,464743.7605
01.12.2013 22:00:00.000 GMT-0000,1.63690,1.64418,1.62921,1.63461,558839.0801000001
08.12.2013 22:00:00.000 GMT-0000,1.63466,1.64657,1.62625,1.62960,405833.6884
15.12.2013 22:00:00.000 GMT-0000,1.62863,1.64836,1.62189,1.63285,439776.0078
22.12.2013 22:00:00.000 GMT-0000,1.63355,1.65772,1.63222,1.64807,259902.95060000004
29.12.2013 22:00:00.000 GMT-0000,1.64768,1.66031,1.63950,1.64171,351501.36210000014
05.01.2014 22:00:00.000 GMT-0000,1.64026,1.65170,1.63370,1.64785,445919.4204000002
12.01.2014 22:00:00.000 GMT-0000,1.64829,1.65076,1.63090,1.64206,426770.9686000001
19.01.2014 22:00:00.000 GMT-0000,1.64167,1.66679,1.63949,1.64772,435171.5513000001
26.01.2014 22:00:00.000 GMT-0000,1.65033,1.66253,1.64272,1.64352,468394.82170000015
02.02.2014 22:00:00.000 GMT-0000,1.64186,1.64405,1.62522,1.64077,464270.7813999998
09.02.2014 22:00:00.000 GMT-0000,1.63965,1.67554,1.63827,1.67476,446532.1504000001
16.02.2014 22:00:00.000 GMT-0000,1.67687,1.68223,1.66112,1.66150,433743.29939999984
23.02.2014 22:00:00.000 GMT-0000,1.66269,1.67690,1.65834,1.67403,429613.1696999997
02.03.2014 22:00:00.000 GMT-0000,1.67124,1.67857,1.66410,1.67135,411609.89969999995
09.03.2014 21:00:00.000 GMT-0000,1.67268,1.67413,1.65685,1.66502,388784.81970000005
16.03.2014 21:00:00.000 GMT-0000,1.66382,1.66657,1.64754,1.64840,377066.03990000003
23.03.2014 21:00:00.000 GMT-0000,1.64567,1.66511,1.64567,1.66372,415263.7485000001
30.03.2014 22:00:00.000 GMT+0100,1.66538,1.66837,1.65539,1.65671,351174.31879999995
06.04.2014 22:00:00.000 GMT+0100,1.65675,1.68200,1.65653,1.67295,354819.66010000004
13.04.2014 22:00:00.000 GMT+0100,1.67181,1.68418,1.66583,1.67905,324011.69999999984
20.04.2014 22:00:00.000 GMT+0100,1.67882,1.68392,1.67626,1.67959,290406.05110000004
27.04.2014 22:00:00.000 GMT+0100,1.68014,1.69196,1.67773,1.68688,344637.9406999999
04.05.2014 22:00:00.000 GMT+0100,1.68745,1.69961,1.68321,1.68455,346762.44100000005
11.05.2014 22:00:00.000 GMT+0100,1.68380,1.69029,1.67320,1.68072,394378.4682
18.05.2014 22:00:00.000 GMT+0100,1.68147,1.69207,1.68021,1.68299,411149.60810000007
25.05.2014 22:00:00.000 GMT+0100,1.68308,1.68820,1.66928,1.67526,392858.3605999998
01.06.2014 22:00:00.000 GMT+0100,1.67634,1.68451,1.66986,1.67987,486543.2682
08.06.2014 22:00:00.000 GMT+0100,1.68041,1.69919,1.67379,1.69632,528398.5281000001
15.06.2014 22:00:00.000 GMT+0100,1.69717,1.70625,1.69204,1.70113,492035.4689
22.06.2014 22:00:00.000 GMT+0100,1.70106,1.70509,1.69522,1.70325,424395.68150000006
29.06.2014 22:00:00.000 GMT+0100,1.70262,1.71791,1.70084,1.71577,443455.65890000004
06.07.2014 22:00:00.000 GMT+0100,1.71675,1.71678,1.70851,1.70996,441467.40890000004
13.07.2014 22:00:00.000 GMT+0100,1.71205,1.71910,1.70361,1.70842,474678.65989999985
20.07.2014 22:00:00.000 GMT+0100,1.70858,1.70992,1.69610,1.69738,523698.25949999987
27.07.2014 22:00:00.000 GMT+0100,1.69778,1.70006,1.68140,1.68225,638973.6129999997
03.08.2014 22:00:00.000 GMT+0100,1.68319,1.68882,1.67664,1.67730,540691.0393000001
10.08.2014 22:00:00.000 GMT+0100,1.67774,1.68434,1.66572,1.66888,490606.55179999996
17.08.2014 22:00:00.000 GMT+0100,1.67320,1.67373,1.65611,1.65669,439199.81039999984
24.08.2014 22:00:00.000 GMT+0100,1.65405,1.66133,1.65355,1.65958,533417.2199999999
31.08.2014 22:00:00.000 GMT+0100,1.65916,1.66435,1.62806,1.63241,620092.6996999999
07.09.2014 22:00:00.000 GMT+0100,1.61687,1.62765,1.60518,1.62627,980192.4210999999
14.09.2014 22:00:00.000 GMT+0100,1.62754,1.65239,1.61618,1.62855,1091672.6178000004
21.09.2014 22:00:00.000 GMT+0100,1.63057,1.64152,1.62375,1.62387,792924.5779000003
28.09.2014 22:00:00.000 GMT+0100,1.62304,1.62866,1.59516,1.59675,953588.9189999998
05.10.2014 22:00:00.000 GMT+0100,1.59563,1.62264,1.59535,1.60722,841519.2624000005
12.10.2014 22:00:00.000 GMT+0100,1.60727,1.61260,1.58747,1.60912,1044305.4194
19.10.2014 22:00:00.000 GMT+0100,1.61029,1.61842,1.59944,1.60855,860756.0274000001
26.10.2014 21:00:00.000 GMT-0000,1.60779,1.61820,1.59415,1.59904,937786.2999
02.11.2014 22:00:00.000 GMT-0000,1.59619,1.60217,1.57900,1.58660,1102598.0479000004
09.11.2014 22:00:00.000 GMT-0000,1.58829,1.59441,1.55923,1.56649,959620.9055999994
16.11.2014 22:00:00.000 GMT-0000,1.56800,1.57368,1.55897,1.56457,1002449.5970999998
23.11.2014 22:00:00.000 GMT-0000,1.56353,1.58252,1.56139,1.56399,903441.3497999999
30.11.2014 22:00:00.000 GMT-0000,1.56482,1.57636,1.55683,1.55768,1235962.0066000002
07.12.2014 22:00:00.000 GMT-0000,1.55709,1.57565,1.55412,1.57145,1318005.7559000007
14.12.2014 22:00:00.000 GMT-0000,1.57221,1.57853,1.55417,1.56170,1293412.009
21.12.2014 22:00:00.000 GMT-0000,1.56238,1.56650,1.54858,1.55512,527875.2993
28.12.2014 22:00:00.000 GMT-0000,1.55586,1.56203,1.53252,1.53252,647537.3159000003
04.01.2015 22:00:00.000 GMT-0000,1.53002,1.53193,1.50342,1.51554,1057426.1937999998
11.01.2015 22:00:00.000 GMT-0000,1.51766,1.52689,1.50752,1.51370,1169818.5354000004
18.01.2015 22:00:00.000 GMT-0000,1.51270,1.52122,1.49511,1.49855,1170698.4039999996
25.01.2015 22:00:00.000 GMT-0000,1.50076,1.52235,1.49865,1.50594,1167653.6969999997
01.02.2015 22:00:00.000 GMT-0000,1.50898,1.53521,1.49883,1.52363,1155793.0681999999
08.02.2015 22:00:00.000 GMT-0000,1.52252,1.54220,1.51961,1.53837,1237673.6257000004
15.02.2015 22:00:00.000 GMT-0000,1.54225,1.54794,1.53160,1.53917,1131718.5416000006
22.02.2015 22:00:00.000 GMT-0000,1.53955,1.55519,1.53323,1.54319,1109334.0397000003
01.03.2015 22:00:00.000 GMT-0000,1.54165,1.54280,1.50317,1.50332,1042841.2262
08.03.2015 21:00:00.000 GMT-0000,1.50337,1.51368,1.47000,1.47412,1433087.0912000006
15.03.2015 21:00:00.000 GMT-0000,1.47387,1.51611,1.46347,1.49594,1248310.2613000004
22.03.2015 21:00:00.000 GMT-0000,1.49676,1.49941,1.47963,1.48751,1453185.5505
29.03.2015 22:00:00.000 GMT+0100,1.48838,1.49442,1.47394,1.49089,1291120.820700001
05.04.2015 22:00:00.000 GMT+0100,1.49148,1.49810,1.45869,1.46318,1127956.2286000003
12.04.2015 22:00:00.000 GMT+0100,1.46172,1.50535,1.45656,1.49584,1345395.5624
19.04.2015 22:00:00.000 GMT+0100,1.49553,1.51876,1.48562,1.51865,1336428.9192999997
26.04.2015 22:00:00.000 GMT+0100,1.51731,1.54978,1.51067,1.51344,1404717.0450000002
03.05.2015 22:00:00.000 GMT+0100,1.51391,1.55220,1.50889,1.54524,1484648.4225
10.05.2015 22:00:00.000 GMT+0100,1.54430,1.58144,1.53928,1.57286,1480770.3434999995
17.05.2015 22:00:00.000 GMT+0100,1.57410,1.57450,1.54463,1.54789,1076739.5434
24.05.2015 22:00:00.000 GMT+0100,1.54728,1.55073,1.52361,1.52899,677566.1484000001
31.05.2015 22:00:00.000 GMT+0100,1.52920,1.54415,1.51699,1.52634,810638.3500000001
07.06.2015 22:00:00.000 GMT+0100,1.52553,1.55979,1.52211,1.55558,794550.9303
14.06.2015 22:00:00.000 GMT+0100,1.55446,1.59294,1.54872,1.58821,724014.1472000004
21.06.2015 22:00:00.000 GMT+0100,1.58679,1.59096,1.56666,1.57398,604293.8681
28.06.2015 22:00:00.000 GMT+0100,1.56934,1.57889,1.55545,1.55665,706086.7017000001
05.07.2015 22:00:00.000 GMT+0100,1.55477,1.56282,1.53298,1.55061,795869.4081999995
12.07.2015 22:00:00.000 GMT+0100,1.55001,1.56753,1.54504,1.56015,859852.0395000003
19.07.2015 22:00:00.000 GMT+0100,1.55871,1.56706,1.54667,1.55049,687541.7735
26.07.2015 22:00:00.000 GMT+0100,1.55118,1.56898,1.54905,1.56146,600449.7509999999
02.08.2015 22:00:00.000 GMT+0100,1.56314,1.56510,1.54245,1.54894,612724.61
09.08.2015 22:00:00.000 GMT+0100,1.54868,1.56601,1.54581,1.56385,646360.8302999997
16.08.2015 22:00:00.000 GMT+0100,1.56526,1.57233,1.55621,1.56888,798062.3385
23.08.2015 22:00:00.000 GMT+0100,1.56765,1.58181,1.53350,1.53881,933480.2424000003
30.08.2015 22:00:00.000 GMT+0100,1.54102,1.54368,1.51639,1.51650,631396.2309999997
06.09.2015 22:00:00.000 GMT+0100,1.51766,1.54754,1.51712,1.54263,654526.9725999997
13.09.2015 22:00:00.000 GMT+0100,1.54300,1.56585,1.53295,1.55223,641722.8613000002
20.09.2015 22:00:00.000 GMT+0100,1.55217,1.55677,1.51352,1.51748,669285.3207
27.09.2015 22:00:00.000 GMT+0100,1.51792,1.52409,1.51069,1.51809,658338.0774000003
04.10.2015 22:00:00.000 GMT+0100,1.51889,1.53831,1.51367,1.53041,676237.9205999995
11.10.2015 22:00:00.000 GMT+0100,1.53055,1.55084,1.52003,1.54320,727461.1712999998
18.10.2015 22:00:00.000 GMT+0100,1.54370,1.55082,1.53058,1.53105,637141.3715000001
25.10.2015 21:00:00.000 GMT-0000,1.53162,1.54676,1.52421,1.54259,631068.3097000002
01.11.2015 22:00:00.000 GMT-0000,1.54488,1.54968,1.50268,1.50412,623138.6125999998
08.11.2015 22:00:00.000 GMT-0000,1.50506,1.52633,1.50414,1.52348,563524.9901000002
15.11.2015 22:00:00.000 GMT-0000,1.52273,1.53355,1.51542,1.51855,593982.4592999999
22.11.2015 22:00:00.000 GMT-0000,1.51810,1.51954,1.50297,1.50297,586497.99
29.11.2015 22:00:00.000 GMT-0000,1.50335,1.51590,1.48946,1.51032,774149.3189000003
06.12.2015 22:00:00.000 GMT-0000,1.51070,1.52398,1.49567,1.52174,759466.3412
13.12.2015 22:00:00.000 GMT-0000,1.52308,1.52308,1.48648,1.48905,786272.0397
20.12.2015 22:00:00.000 GMT-0000,1.49006,1.49449,1.48052,1.49266,432946.1103999999
27.12.2015 22:00:00.000 GMT-0000,1.49042,1.49337,1.47266,1.47293,401620.1901000002
03.01.2016 22:00:00.000 GMT-0000,1.47336,1.48160,1.45060,1.45175,771785.9001999998
10.01.2016 22:00:00.000 GMT-0000,1.45239,1.46042,1.42485,1.42485,807132.5906999998
17.01.2016 22:00:00.000 GMT-0000,1.42504,1.43627,1.40793,1.42619,834406.7223
24.01.2016 22:00:00.000 GMT-0000,1.42652,1.44130,1.41491,1.42409,823713.9194000004
31.01.2016 22:00:00.000 GMT-0000,1.42500,1.46680,1.42276,1.44999,896923.3378999999
07.02.2016 22:00:00.000 GMT-0000,1.44798,1.45783,1.43519,1.44996,1004918.0903999998
14.02.2016 22:00:00.000 GMT-0000,1.45003,1.45350,1.42351,1.44014,835556.3488
21.02.2016 22:00:00.000 GMT-0000,1.42611,1.43056,1.38535,1.38690,888853.8786000004
28.02.2016 22:00:00.000 GMT-0000,1.38556,1.42484,1.38358,1.42290,954038.0880999996
06.03.2016 22:00:00.000 GMT-0000,1.42158,1.44361,1.41178,1.43821,864954.9870999997
13.03.2016 21:00:00.000 GMT-0000,1.43647,1.45141,1.40526,1.44750,826963.5727999998
20.03.2016 21:00:00.000 GMT-0000,1.44339,1.44672,1.40568,1.41211,628562.2337
27.03.2016 22:00:00.000 GMT+0100,1.41273,1.44588,1.41199,1.42211,743861.0492999997
03.04.2016 22:00:00.000 GMT+0100,1.42201,1.43215,1.40048,1.41231,761664.9998999999
10.04.2016 22:00:00.000 GMT+0100,1.41132,1.43476,1.40903,1.41982,722490.0402000003
17.04.2016 22:00:00.000 GMT+0100,1.41969,1.44514,1.41310,1.43983,746981.7586999999
24.04.2016 22:00:00.000 GMT+0100,1.44620,1.46700,1.44025,1.46085,901777.8068
01.05.2016 22:00:00.000 GMT+0100,1.45825,1.47698,1.44147,1.44203,783674.7725000003
08.05.2016 22:00:00.000 GMT+0100,1.44108,1.45303,1.43403,1.43546,709211.2089
15.05.2016 22:00:00.000 GMT+0100,1.43437,1.46629,1.43323,1.44988,705815.7527999999
22.05.2016 22:00:00.000 GMT+0100,1.45028,1.47394,1.44422,1.46152,719914.2678000001
29.05.2016 22:00:00.000 GMT+0100,1.46064,1.47253,1.43857,1.45075,690530.772
05.06.2016 22:00:00.000 GMT+0100,1.44627,1.46607,1.41794,1.42485,718393.2582000002
12.06.2016 22:00:00.000 GMT+0100,1.42647,1.43873,1.40123,1.43535,729054.6903000001
19.06.2016 22:00:00.000 GMT+0100,1.44694,1.50177,1.32271,1.36595,1140989.0925999994
26.06.2016 22:00:00.000 GMT+0100,1.34251,1.35328,1.31208,1.32718,1007552.0102999995
03.07.2016 22:00:00.000 GMT+0100,1.32448,1.33403,1.27971,1.29529,914308.6099000002
10.07.2016 22:00:00.000 GMT+0100,1.29461,1.34802,1.28502,1.31838,1036945.0588000001
17.07.2016 22:00:00.000 GMT+0100,1.31950,1.33144,1.30644,1.31090,1896900.7813
24.07.2016 22:00:00.000 GMT+0100,1.31406,1.33010,1.30571,1.32224,2602167.627100001
31.07.2016 22:00:00.000 GMT+0100,1.32220,1.33714,1.30209,1.30669,2337430.2030999996
07.08.2016 22:00:00.000 GMT+0100,1.30719,1.30965,1.29029,1.29148,1562832.9324999996
14.08.2016 22:00:00.000 GMT+0100,1.29206,1.31854,1.28658,1.30736,1618001.2180999997
21.08.2016 22:00:00.000 GMT+0100,1.30515,1.32789,1.30340,1.31297,1814810.388100001
28.08.2016 22:00:00.000 GMT+0100,1.31061,1.33522,1.30592,1.32906,1883899.0714
04.09.2016 22:00:00.000 GMT+0100,1.32934,1.34448,1.32391,1.32606,2017648.8885000001
11.09.2016 22:00:00.000 GMT+0100,1.32623,1.33469,1.29953,1.29953,2408060.172899999
18.09.2016 22:00:00.000 GMT+0100,1.29959,1.31207,1.29145,1.29604,2630420.0541999997
25.09.2016 22:00:00.000 GMT+0100,1.29615,1.30580,1.29161,1.29737,2540444.522499999
02.10.2016 22:00:00.000 GMT+0100,1.29184,1.29460,1.19198,1.24270,2617054.8725000005
09.10.2016 22:00:00.000 GMT+0100,1.23904,1.24441,1.20893,1.21810,2406599.187400002
16.10.2016 22:00:00.000 GMT+0100,1.21546,1.23311,1.21356,1.22280,1943463.4305000005
23.10.2016 22:00:00.000 GMT+0100,1.22157,1.22711,1.20825,1.21833,786884.6594999998
30.10.2016 21:00:00.000 GMT-0000,1.21729,1.25571,1.21436,1.25177,815532.6188999998
06.11.2016 22:00:00.000 GMT-0000,1.24515,1.26733,1.23528,1.25954,999334.9982000001
13.11.2016 22:00:00.000 GMT-0000,1.25625,1.25919,1.23020,1.23366,985566.0804000001
20.11.2016 22:00:00.000 GMT-0000,1.23423,1.25124,1.23123,1.24843,825502.9642000005
27.11.2016 22:00:00.000 GMT-0000,1.24783,1.27367,1.23854,1.27265,844782.3799000004
04.12.2016 22:00:00.000 GMT-0000,1.26776,1.27744,1.25492,1.25646,791234.7077000005
11.12.2016 22:00:00.000 GMT-0000,1.25724,1.27277,1.23760,1.24856,899283.1239999995
18.12.2016 22:00:00.000 GMT-0000,1.24756,1.25022,1.22284,1.22871,678150.6602000002
25.12.2016 22:00:00.000 GMT-0000,1.22562,1.23877,1.22006,1.23399,533995.8200999998
01.01.2017 22:00:00.000 GMT-0000,1.23202,1.24320,1.21994,1.22798,718334.8197
08.01.2017 22:00:00.000 GMT-0000,1.22487,1.23168,1.20380,1.21750,944034.8807999999
15.01.2017 22:00:00.000 GMT-0000,1.19972,1.24150,1.19870,1.23741,1044560.3661
22.01.2017 22:00:00.000 GMT-0000,1.23751,1.26731,1.23704,1.25447,963500.3295999996
29.01.2017 22:00:00.000 GMT-0000,1.25834,1.27060,1.24122,1.24765,882315.0581
05.02.2017 22:00:00.000 GMT-0000,1.24844,1.25821,1.23467,1.24835,817193.6890999996
12.02.2017 22:00:00.000 GMT-0000,1.24582,1.25483,1.23828,1.24069,790436.1111000002
19.02.2017 22:00:00.000 GMT-0000,1.24043,1.25698,1.24015,1.24561,706298.3303999997
26.02.2017 22:00:00.000 GMT-0000,1.24704,1.24785,1.22142,1.22915,739532.5470999999
05.03.2017 22:00:00.000 GMT-0000,1.22839,1.23004,1.21344,1.21636,682695.1281999999
12.03.2017 21:00:00.000 GMT-0000,1.21579,1.24047,1.21092,1.23945,763582.7506000003
19.03.2017 21:00:00.000 GMT-0000,1.23810,1.25307,1.23350,1.24710,663832.7377000002
26.03.2017 22:00:00.000 GMT+0100,1.24914,1.26151,1.23767,1.25512,697365.1786
02.04.2017 22:00:00.000 GMT+0100,1.25424,1.25558,1.23652,1.23678,664372.5499000003
09.04.2017 22:00:00.000 GMT+0100,1.23802,1.25742,1.23657,1.25172,655940.3896999996
16.04.2017 22:00:00.000 GMT+0100,1.25271,1.29053,1.25151,1.28022,747540.8299999998
23.04.2017 22:00:00.000 GMT+0100,1.28325,1.29648,1.27721,1.29476,787187.6400000001
30.04.2017 22:00:00.000 GMT+0100,1.29267,1.29837,1.28308,1.29753,613800.1921999997
07.05.2017 22:00:00.000 GMT+0100,1.29817,1.29888,1.28447,1.28848,763440.2485000001
14.05.2017 22:00:00.000 GMT+0100,1.28752,1.30476,1.28654,1.30349,812244.1090999997
21.05.2017 22:00:00.000 GMT+0100,1.29901,1.30429,1.27754,1.28032,719177.5214000003
28.05.2017 22:00:00.000 GMT+0100,1.28008,1.29208,1.27692,1.28894,602136.3995
04.06.2017 22:00:00.000 GMT+0100,1.28570,1.29774,1.26352,1.27365,674574.7995999998
11.06.2017 22:00:00.000 GMT+0100,1.27133,1.28177,1.26385,1.27726,698564.8318000003
18.06.2017 22:00:00.000 GMT+0100,1.27553,1.28144,1.25890,1.27159,691598.3574000006
25.06.2017 22:00:00.000 GMT+0100,1.27330,1.30298,1.27061,1.30183,736015.6906000002
02.07.2017 22:00:00.000 GMT+0100,1.30039,1.30232,1.28666,1.28864,670334.1790999998
09.07.2017 22:00:00.000 GMT+0100,1.28767,1.31135,1.28116,1.30973,626487.4822000001
16.07.2017 22:00:00.000 GMT+0100,1.30968,1.31253,1.29329,1.29931,691249.0483999999
23.07.2017 22:00:00.000 GMT+0100,1.29878,1.31585,1.29873,1.31335,681156.0133000001
30.07.2017 22:00:00.000 GMT+0100,1.31227,1.32679,1.30238,1.30366,611391.72
06.08.2017 22:00:00.000 GMT+0100,1.30354,1.30589,1.29393,1.30078,548180.0911000001
13.08.2017 22:00:00.000 GMT+0100,1.29801,1.30217,1.28313,1.28723,633752.6099999999
20.08.2017 22:00:00.000 GMT+0100,1.28563,1.29163,1.27738,1.28761,592696.5389999999
27.08.2017 22:00:00.000 GMT+0100,1.29246,1.29951,1.28526,1.29507,670287.7807000002
03.09.2017 22:00:00.000 GMT+0100,1.29602,1.32240,1.29088,1.31915,710290.2576
10.09.2017 22:00:00.000 GMT+0100,1.31811,1.36165,1.31488,1.35937,763241.9391999999
17.09.2017 22:00:00.000 GMT+0100,1.35556,1.36574,1.34496,1.34934,1020675.2415999997
24.09.2017 22:00:00.000 GMT+0100,1.34855,1.35706,1.33429,1.33953,801982.7535999998
01.10.2017 22:00:00.000 GMT+0100,1.33689,1.34021,1.30270,1.30645,739340.2982000002
08.10.2017 22:00:00.000 GMT+0100,1.30886,1.33375,1.30747,1.32823,677877.1086999997
15.10.2017 22:00:00.000 GMT+0100,1.32858,1.33115,1.30876,1.31871,696402.1092999999
22.10.2017 22:00:00.000 GMT+0100,1.31817,1.32790,1.30697,1.31247,669356.6786000001
29.10.2017 21:00:00.000 GMT-0000,1.31087,1.33206,1.30390,1.30738,682529.1181000002
05.11.2017 22:00:00.000 GMT-0000,1.30678,1.32292,1.30583,1.31881,725831.7642
12.11.2017 22:00:00.000 GMT-0000,1.31620,1.32601,1.30619,1.32156,760603.8470000004
19.11.2017 22:00:00.000 GMT-0000,1.32175,1.33600,1.31854,1.33346,673104.5707
26.11.2017 22:00:00.000 GMT-0000,1.33219,1.35491,1.32208,1.34746,896088.2433999995
03.12.2017 22:00:00.000 GMT-0000,1.34338,1.35383,1.33198,1.33789,867697.9831999998
10.12.2017 22:00:00.000 GMT-0000,1.33735,1.34658,1.33013,1.33269,884142.7545999998
17.12.2017 22:00:00.000 GMT-0000,1.33095,1.34199,1.33095,1.33541,833437.4710999998
24.12.2017 22:00:00.000 GMT-0000,1.33449,1.35440,1.33449,1.34944,585058.9981999997
31.12.2017 22:00:00.000 GMT-0000,1.35065,1.36124,1.34945,1.35640,649558.9388999997
07.01.2018 22:00:00.000 GMT-0000,1.35556,1.37440,1.34579,1.37277,823675.3405999999
14.01.2018 22:00:00.000 GMT-0000,1.37279,1.39449,1.37253,1.38479,995818.8584999999
21.01.2018 22:00:00.000 GMT-0000,1.38879,1.43451,1.38569,1.41562,1257174.9174000002
28.01.2018 22:00:00.000 GMT-0000,1.41347,1.42781,1.39798,1.41213,1305554.1669000003
04.02.2018 22:00:00.000 GMT-0000,1.41001,1.41501,1.37642,1.38239,1473681.7333000004
11.02.2018 22:00:00.000 GMT-0000,1.38081,1.41444,1.37958,1.40298,1194286.3185
18.02.2018 22:00:00.000 GMT-0000,1.40108,1.40488,1.38565,1.39656,1075477.2605999997
25.02.2018 22:00:00.000 GMT-0000,1.39844,1.40696,1.37115,1.37980,909400.8675000002
04.03.2018 22:00:00.000 GMT-0000,1.37886,1.39291,1.37664,1.38447,889133.9062000003
11.03.2018 21:00:00.000 GMT-0000,1.38500,1.39955,1.38410,1.39432,745019.9233999997
18.03.2018 21:00:00.000 GMT-0000,1.39353,1.42175,1.39128,1.41305,833990.5910000001
25.03.2018 22:00:00.000 GMT+0100,1.41326,1.42442,1.40088,1.40088,668205.8867
01.04.2018 22:00:00.000 GMT+0100,1.40224,1.41055,1.39652,1.40814,667624.1982999998
08.04.2018 22:00:00.000 GMT+0100,1.40866,1.42961,1.40782,1.42372,605250.2289999999
15.04.2018 22:00:00.000 GMT+0100,1.42397,1.43763,1.39965,1.40002,616223.8512000002
22.04.2018 22:00:00.000 GMT+0100,1.39990,1.40307,1.37470,1.37785,592636.3987
29.04.2018 22:00:00.000 GMT+0100,1.37711,1.37922,1.34861,1.35253,703084.6676000002
06.05.2018 22:00:00.000 GMT+0100,1.35327,1.36174,1.34598,1.35407,710210.2683000002
13.05.2018 22:00:00.000 GMT+0100,1.35393,1.36079,1.34511,1.34679,1238850.0035000003
20.05.2018 22:00:00.000 GMT+0100,1.34590,1.34911,1.32928,1.32946,783576.6388999996
27.05.2018 22:00:00.000 GMT+0100,1.33138,1.33617,1.32044,1.33449,827119.8589000003
03.06.2018 22:00:00.000 GMT+0100,1.33310,1.34722,1.32947,1.34081,687708.6703
10.06.2018 22:00:00.000 GMT+0100,1.34058,1.34463,1.32110,1.32763,714785.1614000001
17.06.2018 22:00:00.000 GMT+0100,1.32557,1.33146,1.31018,1.32593,817403.9305000002
24.06.2018 22:00:00.000 GMT+0100,1.32490,1.32918,1.30495,1.32040,974695.1556000002
01.07.2018 22:00:00.000 GMT+0100,1.31825,1.32898,1.30950,1.32844,809446.746
08.07.2018 22:00:00.000 GMT+0100,1.33179,1.33625,1.31025,1.32323,855812.3901999997
15.07.2018 22:00:00.000 GMT+0100,1.32272,1.32928,1.29574,1.31287,849772.0604999998
22.07.2018 22:00:00.000 GMT+0100,1.31229,1.32132,1.30714,1.30967,733275.5116999997
29.07.2018 22:00:00.000 GMT+0100,1.30989,1.31726,1.29753,1.30011,666635.5996999999
05.08.2018 22:00:00.000 GMT+0100,1.29948,1.30074,1.27228,1.27663,679025.8099999997
12.08.2018 22:00:00.000 GMT+0100,1.27421,1.28271,1.26617,1.27466,732683.0101999999
19.08.2018 22:00:00.000 GMT+0100,1.27420,1.29362,1.27293,1.28452,642914.3616
26.08.2018 22:00:00.000 GMT+0100,1.28365,1.30433,1.28287,1.29528,686558.5725999997
02.09.2018 22:00:00.000 GMT+0100,1.29095,1.30278,1.27851,1.29137,728089.7607000001
09.09.2018 22:00:00.000 GMT+0100,1.29179,1.31435,1.28967,1.30664,692618.034
16.09.2018 22:00:00.000 GMT+0100,1.30683,1.32980,1.30558,1.30764,788415.1882
23.09.2018 22:00:00.000 GMT+0100,1.30775,1.32171,1.30002,1.30278,692679.2870000005
30.09.2018 22:00:00.000 GMT+0100,1.30371,1.31226,1.29220,1.31136,796690.3608
07.10.2018 22:00:00.000 GMT+0100,1.31230,1.32575,1.30279,1.31516,885065.4212999996
14.10.2018 22:00:00.000 GMT+0100,1.30854,1.32362,1.30109,1.30666,761043.1487999998
21.10.2018 22:00:00.000 GMT+0100,1.30703,1.30899,1.27772,1.28260,837874.2495000002
28.10.2018 21:00:00.000 GMT-0000,1.28212,1.30406,1.26905,1.29617,758468.9369999998
04.11.2018 22:00:00.000 GMT-0000,1.30210,1.31744,1.29580,1.29729,781217.0095
11.11.2018 22:00:00.000 GMT-0000,1.29130,1.30718,1.27232,1.28261,1018534.8726999997
18.11.2018 22:00:00.000 GMT-0000,1.28443,1.29270,1.27638,1.28006,729583.7413999999
25.11.2018 22:00:00.000 GMT-0000,1.28215,1.28637,1.27249,1.27509,834085.2394999999
02.12.2018 22:00:00.000 GMT-0000,1.27644,1.28394,1.26582,1.27296,831884.4810000001
09.12.2018 22:00:00.000 GMT-0000,1.27048,1.27598,1.24766,1.25813,879714.8590999995
16.12.2018 22:00:00.000 GMT-0000,1.26008,1.27073,1.25629,1.26247,1205318.7208000002
23.12.2018 22:00:00.000 GMT-0000,1.26452,1.27382,1.26157,1.26943,888192.6304
30.12.2018 22:00:00.000 GMT-0000,1.26918,1.28145,1.24250,1.27170,934890.5943999998
06.01.2019 22:00:00.000 GMT-0000,1.27187,1.28655,1.27066,1.28347,1154156.3731
13.01.2019 22:00:00.000 GMT-0000,1.28516,1.30006,1.26688,1.28696,1157547.3713000002
20.01.2019 22:00:00.000 GMT-0000,1.28724,1.32172,1.28301,1.31984,1107960.1908000002
27.01.2019 22:00:00.000 GMT-0000,1.31837,1.32109,1.30430,1.30739,1179095.526
03.02.2019 22:00:00.000 GMT-0000,1.30618,1.31034,1.28540,1.29441,998434.5467000001
10.02.2019 22:00:00.000 GMT-0000,1.29277,1.29584,1.27727,1.28865,1067539.5891000004
17.02.2019 22:00:00.000 GMT-0000,1.29028,1.31088,1.28913,1.30494,1126913.5797
24.02.2019 22:00:00.000 GMT-0000,1.30713,1.33499,1.30488,1.31983,1316254.9805999997
03.03.2019 22:00:00.000 GMT-0000,1.32446,1.32541,1.29896,1.30111,1107835.6892
10.03.2019 21:00:00.000 GMT-0000,1.29646,1.33808,1.29604,1.32884,1320270.7698000008
17.03.2019 21:00:00.000 GMT-0000,1.32950,1.33105,1.30039,1.32058,1201691.9144
24.03.2019 21:00:00.000 GMT-0000,1.32127,1.32687,1.29776,1.30294,1238602.1756999998
31.03.2019 22:00:00.000 GMT+0100,1.30368,1.31956,1.29866,1.30338,1140527.8024
07.04.2019 22:00:00.000 GMT+0100,1.30337,1.31325,1.30197,1.30634,913419.7612999994
14.04.2019 22:00:00.000 GMT+0100,1.30737,1.31188,1.29783,1.29815,922929.4380999998
21.04.2019 22:00:00.000 GMT+0100,1.29892,1.30188,1.28654,1.29106,695412.1318999999
28.04.2019 22:00:00.000 GMT+0100,1.29137,1.31762,1.29046,1.31694,774183.5715999998
05.05.2019 22:00:00.000 GMT+0100,1.31388,1.31704,1.29673,1.29997,743444.0807999999
12.05.2019 22:00:00.000 GMT+0100,1.29924,1.30407,1.27118,1.27150,619865.4981
19.05.2019 22:00:00.000 GMT+0100,1.27331,1.28137,1.26049,1.27111,678122.7008000002
26.05.2019 22:00:00.000 GMT+0100,1.27257,1.27476,1.25590,1.26291,674049.4199000004
02.06.2019 22:00:00.000 GMT+0100,1.26277,1.27627,1.26102,1.27354,775242.0806000003
09.06.2019 22:00:00.000 GMT+0100,1.27197,1.27583,1.25796,1.25891,814367.1207000001
16.06.2019 22:00:00.000 GMT+0100,1.25784,1.27462,1.25058,1.27403,901936.4171999994
23.06.2019 22:00:00.000 GMT+0100,1.27290,1.27836,1.26596,1.26916,858269.9986
30.06.2019 22:00:00.000 GMT+0100,1.26968,1.27053,1.24808,1.25209,680868.5228
07.07.2019 22:00:00.000 GMT+0100,1.25251,1.25786,1.24393,1.25705,712005.8515000001
14.07.2019 22:00:00.000 GMT+0100,1.25515,1.25781,1.23816,1.24972,667060.9678000002
21.07.2019 22:00:00.000 GMT+0100,1.24746,1.25220,1.23757,1.23805,640801.8092
28.07.2019 22:00:00.000 GMT+0100,1.23737,1.23828,1.20791,1.21572,1034895.7917999999
04.08.2019 22:00:00.000 GMT+0100,1.21579,1.22093,1.20214,1.20214,987551.3908999999
11.08.2019 22:00:00.000 GMT+0100,1.20448,1.21753,1.20148,1.21425,1064588.1079999998
18.08.2019 22:00:00.000 GMT+0100,1.21533,1.22935,1.20639,1.22824,861858.3419999998
25.08.2019 22:00:00.000 GMT+0100,1.22649,1.23097,1.21389,1.21573,985679.4094000006
01.09.2019 22:00:00.000 GMT+0100,1.21472,1.23537,1.19581,1.22800,968085.0112000004
08.09.2019 22:00:00.000 GMT+0100,1.22703,1.25056,1.22330,1.24974,830037.3160999998
15.09.2019 22:00:00.000 GMT+0100,1.24741,1.25821,1.23921,1.24751,821331.3726
22.09.2019 22:00:00.000 GMT+0100,1.24657,1.25028,1.22707,1.22851,844373.3897999998
29.09.2019 22:00:00.000 GMT+0100,1.22901,1.24127,1.22044,1.23291,878526.0404999999
06.10.2019 22:00:00.000 GMT+0100,1.23068,1.27070,1.21949,1.26408,935881.6616000002
13.10.2019 22:00:00.000 GMT+0100,1.26242,1.29892,1.25156,1.29802,1023631.7429999998
20.10.2019 22:00:00.000 GMT+0100,1.29498,1.30120,1.27880,1.28234,921138.1102000002
27.10.2019 21:00:00.000 GMT-0000,1.28111,1.29756,1.28062,1.29368,780926.2126999998
03.11.2019 22:00:00.000 GMT-0000,1.29268,1.29424,1.27684,1.27714,649773.9061999999
10.11.2019 22:00:00.000 GMT-0000,1.27978,1.29189,1.27853,1.28998,575853.7873000001
17.11.2019 22:00:00.000 GMT-0000,1.29239,1.29854,1.28232,1.28283,597386.5432999999
24.11.2019 22:00:00.000 GMT-0000,1.28554,1.29506,1.28271,1.29132,551060.9188000003
01.12.2019 22:00:00.000 GMT-0000,1.29093,1.31662,1.28959,1.31319,611371.9310000004
08.12.2019 22:00:00.000 GMT-0000,1.31340,1.35149,1.30503,1.33266,818780.4196
15.12.2019 22:00:00.000 GMT-0000,1.33349,1.34218,1.29783,1.29952,894849.0414000003
22.12.2019 22:00:00.000 GMT-0000,1.30019,1.31169,1.29045,1.30758,491506.24860000005
29.12.2019 22:00:00.000 GMT-0000,1.30848,1.32840,1.30531,1.30787,702907.6210999999
05.01.2020 22:00:00.000 GMT-0000,1.30808,1.32120,1.30126,1.30569,860299.3293
12.01.2020 22:00:00.000 GMT-0000,1.30347,1.31184,1.29542,1.30058,724348.0376999998
19.01.2020 22:00:00.000 GMT-0000,1.29915,1.31739,1.29617,1.30701,684491.1107000002
26.01.2020 22:00:00.000 GMT-0000,1.30799,1.32090,1.29752,1.32014,633205.7777000003
02.02.2020 22:00:00.000 GMT-0000,1.31766,1.31837,1.28813,1.28818,779214.9204000004
09.02.2020 22:00:00.000 GMT-0000,1.28843,1.30693,1.28716,1.30455,2603500.7939999993
16.02.2020 22:00:00.000 GMT-0000,1.30324,1.30537,1.28488,1.29529,685590.2078999998
23.02.2020 22:00:00.000 GMT-0000,1.29449,1.30179,1.27255,1.28125,1014515.248
01.03.2020 22:00:00.000 GMT-0000,1.27879,1.30517,1.27387,1.30459,1161081.3401000006
08.03.2020 21:00:00.000 GMT-0000,1.30726,1.32003,1.22597,1.22673,1601529.8632999996
15.03.2020 21:00:00.000 GMT-0000,1.22617,1.24214,1.14095,1.16301,2078233.252499999
22.03.2020 21:00:00.000 GMT-0000,1.16693,1.24851,1.14462,1.24448,2042332.6726
29.03.2020 22:00:00.000 GMT+0100,1.24283,1.24751,1.22051,1.22640,2492745.0667999997
05.04.2020 22:00:00.000 GMT+0100,1.22296,1.24862,1.21645,1.24449,1843328.3367999997
12.04.2020 22:00:00.000 GMT+0100,1.24506,1.26470,1.24065,1.24939,1264735.5309000004
19.04.2020 22:00:00.000 GMT+0100,1.24935,1.24996,1.22469,1.23654,1063162.1686
26.04.2020 22:00:00.000 GMT+0100,1.23627,1.26429,1.23593,1.24869,865665.0283999998
03.05.2020 22:00:00.000 GMT+0100,1.24851,1.24868,1.22657,1.24033,888802.0852000002
10.05.2020 22:00:00.000 GMT+0100,1.23965,1.24372,1.20998,1.21003,1042485.2390000003
17.05.2020 22:00:00.000 GMT+0100,1.20824,1.22961,1.20745,1.21665,900051.8530000002
24.05.2020 22:00:00.000 GMT+0100,1.21734,1.23939,1.21635,1.23454,1154979.3619
31.05.2020 22:00:00.000 GMT+0100,1.23236,1.27309,1.23235,1.26656,1481388.8863999997
07.06.2020 22:00:00.000 GMT+0100,1.26767,1.28127,1.24734,1.25396,1889125.1571000002
14.06.2020 22:00:00.000 GMT+0100,1.25112,1.26871,1.23424,1.23476,1914447.3996000006
21.06.2020 22:00:00.000 GMT+0100,1.23419,1.25425,1.23142,1.23343,1430759.2734
28.06.2020 22:00:00.000 GMT+0100,1.23442,1.25298,1.22514,1.24798,1098163.0553000001
05.07.2020 22:00:00.000 GMT+0100,1.24640,1.26691,1.24536,1.26202,1053117.0991999996
12.07.2020 22:00:00.000 GMT+0100,1.26126,1.26660,1.24797,1.25654,1205544.8037
19.07.2020 22:00:00.000 GMT+0100,1.25449,1.28033,1.25178,1.27926,1114925.2889
26.07.2020 22:00:00.000 GMT+0100,1.27903,1.31699,1.27740,1.30836,1354107.0422999992
02.08.2020 22:00:00.000 GMT+0100,1.30755,1.31855,1.29809,1.30509,1358343.232
09.08.2020 22:00:00.000 GMT+0100,1.30535,1.31423,1.30050,1.30829,1230108.2240000002
16.08.2020 22:00:00.000 GMT+0100,1.30910,1.32671,1.30588,1.30881,1354953.4332000003
23.08.2020 22:00:00.000 GMT+0100,1.30798,1.33562,1.30532,1.33488,1376272.5596000003
30.08.2020 22:00:00.000 GMT+0100,1.33328,1.34821,1.31756,1.32782,2112352.3745999997
06.09.2020 22:00:00.000 GMT+0100,1.32468,1.32657,1.27621,1.27942,1591122.0630999994
13.09.2020 22:00:00.000 GMT+0100,1.27733,1.30070,1.27664,1.29143,1350263.8805999993
20.09.2020 22:00:00.000 GMT+0100,1.29237,1.29663,1.26748,1.27395,1535942.06
27.09.2020 22:00:00.000 GMT+0100,1.27617,1.29782,1.27508,1.29274,1544673.6971999991
04.10.2020 22:00:00.000 GMT+0100,1.29337,1.30486,1.28450,1.30433,1254537.0050999997
11.10.2020 22:00:00.000 GMT+0100,1.30234,1.30825,1.28618,1.29082,1282673.2286
18.10.2020 22:00:00.000 GMT+0100,1.28924,1.31766,1.28920,1.30391,2184483.6574999997
25.10.2020 21:00:00.000 GMT-0000,1.30563,1.30794,1.28804,1.29472,2873369.2242999994
01.11.2020 22:00:00.000 GMT-0000,1.29243,1.31769,1.28538,1.31477,2971413.0157000013
08.11.2020 22:00:00.000 GMT-0000,1.31592,1.33132,1.31061,1.31983,2244331.266000001
15.11.2020 22:00:00.000 GMT-0000,1.31660,1.33121,1.31652,1.32817,893764.6798999998
22.11.2020 22:00:00.000 GMT-0000,1.32927,1.33975,1.32633,1.33068,877405.4207000005
29.11.2020 22:00:00.000 GMT-0000,1.33310,1.35391,1.32872,1.34332,1141534.7965999995
06.12.2020 22:00:00.000 GMT-0000,1.34092,1.34778,1.31339,1.32203,1182383.1890999994
13.12.2020 22:00:00.000 GMT-0000,1.33603,1.36244,1.32798,1.35142,825241.0931999998
20.12.2020 22:00:00.000 GMT-0000,1.34004,1.36188,1.31875,1.35408,852986.3581000007
27.12.2020 22:00:00.000 GMT-0000,1.35452,1.36859,1.34290,1.36630,710343.8055
03.01.2021 22:00:00.000 GMT-0000,1.36455,1.37039,1.35325,1.35621,838829.6850000003
10.01.2021 22:00:00.000 GMT-0000,1.35588,1.37107,1.34503,1.35769,577914.4114000001
17.01.2021 22:00:00.000 GMT-0000,1.35922,1.37456,1.35193,1.36784,442907.907
24.01.2021 22:00:00.000 GMT-0000,1.36763,1.37585,1.36092,1.37023,553587.8590999999
31.01.2021 22:00:00.000 GMT-0000,1.37052,1.37574,1.35655,1.37291,458367.22750000015
07.02.2021 22:00:00.000 GMT-0000,1.37151,1.38658,1.36800,1.38497,347251.8321
14.02.2021 22:00:00.000 GMT-0000,1.38482,1.40359,1.38294,1.40059,418063.4082999999
21.02.2021 22:00:00.000 GMT-0000,1.40110,1.42415,1.38876,1.39244,573366.8269999999
28.02.2021 22:00:00.000 GMT-0000,1.39290,1.40171,1.37784,1.38357,643512.4194999998
07.03.2021 22:00:00.000 GMT-0000,1.38114,1.40045,1.37999,1.39129,541325.9655
14.03.2021 21:00:00.000 GMT-0000,1.39143,1.40012,1.38089,1.38662,485102.55640000023
21.03.2021 21:00:00.000 GMT-0000,1.38350,1.38767,1.36700,1.37855,387655.2028000002
28.03.2021 22:00:00.000 GMT+0100,1.37904,1.38521,1.37058,1.38272,435721.7782999998
04.04.2021 22:00:00.000 GMT+0100,1.38210,1.39186,1.36696,1.37054,358778.7067
11.04.2021 22:00:00.000 GMT+0100,1.37025,1.38437,1.36689,1.38261,346783.1803
18.04.2021 22:00:00.000 GMT+0100,1.38280,1.40089,1.38094,1.38736,370654.2976
25.04.2021 22:00:00.000 GMT+0100,1.38668,1.39764,1.38023,1.38077,375873.3658
02.05.2021 22:00:00.000 GMT+0100,1.38116,1.40056,1.38008,1.39811,411206.2049
09.05.2021 22:00:00.000 GMT+0100,1.40035,1.41665,1.39938,1.40945,459035.2297999999
16.05.2021 22:00:00.000 GMT+0100,1.40956,1.42336,1.40769,1.41409,413312.2956
23.05.2021 22:00:00.000 GMT+0100,1.41468,1.42188,1.40913,1.41834,426389.77900000004
30.05.2021 22:00:00.000 GMT+0100,1.41793,1.42491,1.40827,1.41553,461231.47510000004
06.06.2021 22:00:00.000 GMT+0100,1.41544,1.41906,1.40730,1.41056,424829.5865000001
13.06.2021 22:00:00.000 GMT+0100,1.40994,1.41324,1.37914,1.38003,518620.751
20.06.2021 22:00:00.000 GMT+0100,1.38068,1.40011,1.37859,1.38779,466224.9983
27.06.2021 22:00:00.000 GMT+0100,1.38794,1.39393,1.37313,1.38244,437960.9821000001
04.07.2021 22:00:00.000 GMT+0100,1.38189,1.39088,1.37414,1.38924,587877.3237000003
11.07.2021 22:00:00.000 GMT+0100,1.38911,1.39097,1.37565,1.37565,524033.86380000005
18.07.2021 22:00:00.000 GMT+0100,1.37677,1.37869,1.35717,1.37449,462884.3009000001
25.07.2021 22:00:00.000 GMT+0100,1.37503,1.39832,1.37366,1.38959,345340.91179999994
01.08.2021 22:00:00.000 GMT+0100,1.38963,1.39574,1.38608,1.38693,290586.8746
08.08.2021 22:00:00.000 GMT+0100,1.38702,1.38942,1.37904,1.38576,228660.6898
15.08.2021 22:00:00.000 GMT+0100,1.38553,1.38783,1.36019,1.36144,244672.0449999999
22.08.2021 22:00:00.000 GMT+0100,1.36156,1.37807,1.36096,1.37544,250071.3573000001
29.08.2021 22:00:00.000 GMT+0100,1.37553,1.38915,1.37309,1.38600,255822.5037000001
05.09.2021 22:00:00.000 GMT+0100,1.38553,1.38883,1.37261,1.38299,302084.14349999995
12.09.2021 22:00:00.000 GMT+0100,1.38303,1.39130,1.37256,1.37283,266300.57060000004
19.09.2021 22:00:00.000 GMT+0100,1.37346,1.37505,1.36090,1.36730,321214.3075999999
26.09.2021 22:00:00.000 GMT+0100,1.36617,1.37287,1.34116,1.35423,387164.8268999999
03.10.2021 22:00:00.000 GMT+0100,1.35544,1.36577,1.35314,1.36087,349174.76790000015
10.10.2021 22:00:00.000 GMT+0100,1.36171,1.37731,1.35681,1.37439,287636.2898999999
17.10.2021 22:00:00.000 GMT+0100,1.37484,1.38343,1.37088,1.37514,290257.8944
24.10.2021 22:00:00.000 GMT+0100,1.37455,1.38293,1.36678,1.36762,373159.82550000004
31.10.2021 21:00:00.000 GMT-0000,1.36764,1.36984,1.34240,1.34928,363551.2454000001
07.11.2021 22:00:00.000 GMT-0000,1.34764,1.36071,1.33528,1.34140,353926.6416999999
14.11.2021 22:00:00.000 GMT-0000,1.34127,1.35133,1.33960,1.34486,374771.58430000005
21.11.2021 22:00:00.000 GMT-0000,1.34495,1.34543,1.32780,1.33283,530560.4175999999
28.11.2021 22:00:00.000 GMT-0000,1.33357,1.33702,1.31943,1.32264,554162.0239000001
05.12.2021 22:00:00.000 GMT-0000,1.32136,1.32892,1.31612,1.32683,380091.38749999995
12.12.2021 22:00:00.000 GMT-0000,1.32399,1.33741,1.31715,1.32340,369985.9364999999
19.12.2021 22:00:00.000 GMT-0000,1.32366,1.34377,1.31730,1.33821,533091.4919000001
26.12.2021 22:00:00.000 GMT-0000,1.33865,1.35500,1.33865,1.35177,206417.4032
02.01.2022 22:00:00.000 GMT-0000,1.35199,1.35982,1.34304,1.35827,367766.46699999995
09.01.2022 22:00:00.000 GMT-0000,1.35734,1.37487,1.35317,1.36695,320126.97
16.01.2022 22:00:00.000 GMT-0000,1.36744,1.36895,1.35452,1.35504,344091.3512000001
23.01.2022 22:00:00.000 GMT-0000,1.35450,1.35650,1.33577,1.33901,515724.3529999999
30.01.2022 22:00:00.000 GMT-0000,1.33908,1.36275,1.33854,1.35211,463533.41409999976